symbol,timestamp,open,high,low,close,volume,vwap
XBTUSD,2017-12-09T23:00:00.000Z,15024.0,15024.5,14892.0,14983.5,6632432,14965.5792
XBTUSD,2017-12-09T23:05:00.000Z,14983.5,15040.0,14900.0,14936.0,5145272,14970.0599
XBTUSD,2017-12-09T23:10:00.000Z,14936.0,14985.5,14850.5,14975.5,6572032,14907.573
XBTUSD,2017-12-09T23:15:00.000Z,14975.5,14975.5,14800.0,14809.5,5062198,14869.8885
XBTUSD,2017-12-09T23:20:00.000Z,14809.5,14860.0,14750.0,14793.0,6220495,14799.4672
XBTUSD,2017-12-09T23:25:00.000Z,14793.0,14920.0,14725.0,14856.5,6593661,14812.6204
XBTUSD,2017-12-09T23:30:00.000Z,14856.5,14882.5,14810.0,14839.5,3737578,14852.2204
XBTUSD,2017-12-09T23:35:00.000Z,14839.5,14839.0,14686.0,14790.0,8567209,14751.4383
XBTUSD,2017-12-09T23:40:00.000Z,14790.0,14809.0,14723.5,14787.0,2539612,14768.8672
XBTUSD,2017-12-09T23:45:00.000Z,14787.0,14923.0,14787.0,14848.0,4925384,14865.4675
XBTUSD,2017-12-09T23:50:00.000Z,14848.0,14948.5,14848.0,14870.5,2865296,14903.1297
XBTUSD,2017-12-09T23:55:00.000Z,14870.5,15011.0,14860.5,14987.0,4615821,14932.0591
XBTUSD,2017-12-10T00:00:00.000Z,14987.0,15038.0,14949.0,14984.5,3671045,14994.7518
XBTUSD,2017-12-10T00:05:00.000Z,14984.5,14987.5,14749.0,14769.5,8029283,14874.3121
XBTUSD,2017-12-10T00:10:00.000Z,14769.5,14838.0,14720.0,14815.0,3976187,14790.7114
XBTUSD,2017-12-10T00:15:00.000Z,14815.0,14815.0,14588.0,14588.5,7153242,14673.5143
XBTUSD,2017-12-10T00:20:00.000Z,14588.5,14696.0,14488.0,14491.0,12056427,14609.2038
XBTUSD,2017-12-10T00:25:00.000Z,14491.0,14546.0,14335.5,14399.0,12757384,14459.225
XBTUSD,2017-12-10T00:30:00.000Z,14399.0,14538.5,14360.0,14538.5,8271395,14469.686
XBTUSD,2017-12-10T00:35:00.000Z,14538.5,14550.0,14436.5,14436.5,6689246,14490.6535
XBTUSD,2017-12-10T00:40:00.000Z,14436.5,14499.5,14370.0,14467.5,5965673,14444.6049
XBTUSD,2017-12-10T00:45:00.000Z,14467.5,14484.5,14374.0,14374.0,4454483,14440.4332
XBTUSD,2017-12-10T00:50:00.000Z,14374.0,14452.5,14308.0,14452.0,6216753,14392.631
XBTUSD,2017-12-10T00:55:00.000Z,14452.0,14543.0,14415.5,14454.0,4542462,14482.2592
XBTUSD,2017-12-10T01:00:00.000Z,14454.0,14590.0,14449.0,14449.0,6306688,14515.8949
XBTUSD,2017-12-10T01:05:00.000Z,14449.0,14466.0,14179.5,14192.5,10747808,14306.1516
XBTUSD,2017-12-10T01:10:00.000Z,14192.5,14298.0,14150.0,14240.5,7985453,14234.8754
XBTUSD,2017-12-10T01:15:00.000Z,14240.5,14392.0,14240.5,14308.0,6659324,14310.2461
XBTUSD,2017-12-10T01:20:00.000Z,14308.0,14308.5,13856.0,14060.5,21533095,14088.4756
XBTUSD,2017-12-10T01:25:00.000Z,14060.5,14153.5,13950.0,14023.0,9301179,14046.9167
XBTUSD,2017-12-10T01:30:00.000Z,14023.0,14270.0,14022.5,14197.5,14440130,14178.3638
XBTUSD,2017-12-10T01:35:00.000Z,14197.5,14198.0,14003.0,14123.0,7056674,14092.4464
XBTUSD,2017-12-10T01:40:00.000Z,14123.0,14136.5,13968.5,13980.0,4020455,14056.7894
XBTUSD,2017-12-10T01:45:00.000Z,13980.0,14140.0,13980.0,14070.0,8109216,14084.507
XBTUSD,2017-12-10T01:50:00.000Z,14070.0,14095.0,13946.0,13977.5,6758873,14019.3467
XBTUSD,2017-12-10T01:55:00.000Z,13977.5,13990.0,13809.0,13876.0,13485673,13904.3382
XBTUSD,2017-12-10T02:00:00.000Z,13876.0,14129.0,13677.5,14113.5,19882754,13861.9351
XBTUSD,2017-12-10T02:05:00.000Z,14113.5,14249.5,14040.0,14060.0,14552640,14138.2723
XBTUSD,2017-12-10T02:10:00.000Z,14060.0,14200.0,14050.0,14166.0,9194028,14152.2785
XBTUSD,2017-12-10T02:15:00.000Z,14166.0,14300.0,14160.0,14292.0,6129488,14212.6208
XBTUSD,2017-12-10T02:20:00.000Z,14292.0,14309.5,14130.0,14179.5,7671397,14208.582
XBTUSD,2017-12-10T02:25:00.000Z,14179.5,14179.5,14043.0,14101.5,7778324,14102.3833
XBTUSD,2017-12-10T02:30:00.000Z,14101.5,14175.0,14070.0,14088.0,4705152,14110.3429
XBTUSD,2017-12-10T02:35:00.000Z,14088.0,14240.0,14080.0,14149.5,4503534,14168.3196
XBTUSD,2017-12-10T02:40:00.000Z,14149.5,14227.5,14100.0,14100.0,3973562,14158.2897
XBTUSD,2017-12-10T02:45:00.000Z,14100.0,14096.5,13825.0,13840.0,12301413,13952.8394
XBTUSD,2017-12-10T02:50:00.000Z,13840.0,14000.0,13744.5,13749.0,9309197,13879.2505
XBTUSD,2017-12-10T02:55:00.000Z,13749.0,13850.0,13700.5,13778.0,10092027,13768.4153
XBTUSD,2017-12-10T03:00:00.000Z,13778.0,13840.0,13606.5,13618.5,7434021,13723.0685
XBTUSD,2017-12-10T03:05:00.000Z,13618.5,13731.0,13543.0,13595.0,11016250,13627.6915
XBTUSD,2017-12-10T03:10:00.000Z,13595.0,13815.0,13515.0,13700.5,15440749,13642.5648
XBTUSD,2017-12-10T03:15:00.000Z,13700.5,13757.0,13524.5,13550.0,12161855,13625.8346
XBTUSD,2017-12-10T03:20:00.000Z,13550.0,13733.5,13500.0,13720.5,15263867,13585.1107
XBTUSD,2017-12-10T03:25:00.000Z,13720.5,13850.0,13605.0,13846.5,12465570,13730.6055
XBTUSD,2017-12-10T03:30:00.000Z,13846.5,13898.5,13625.0,13690.0,11603634,13757.0505
XBTUSD,2017-12-10T03:35:00.000Z,13690.0,13691.5,13357.0,13485.5,13055016,13495.2767
XBTUSD,2017-12-10T03:40:00.000Z,13485.5,13614.5,13318.5,13408.5,12557557,13448.0904
XBTUSD,2017-12-10T03:45:00.000Z,13408.5,13505.0,13310.0,13360.5,22819520,13426.4232
XBTUSD,2017-12-10T03:50:00.000Z,13360.5,13380.0,13265.0,13350.0,11826265,13313.8064
XBTUSD,2017-12-10T03:55:00.000Z,13350.0,13530.5,13329.5,13422.0,16107278,13451.7084
XBTUSD,2017-12-10T04:00:00.000Z,13422.0,13422.0,13221.5,13336.0,13080091,13292.5695
XBTUSD,2017-12-10T04:05:00.000Z,13336.0,13484.5,13230.0,13230.0,13185783,13336.8898
XBTUSD,2017-12-10T04:10:00.000Z,13230.0,13792.5,13218.0,13676.0,24988809,13533.6311
XBTUSD,2017-12-10T04:15:00.000Z,13676.0,13899.5,13600.0,13643.0,16277725,13706.1404
XBTUSD,2017-12-10T04:20:00.000Z,13643.0,13764.5,13622.5,13654.5,6136583,13681.7622
XBTUSD,2017-12-10T04:25:00.000Z,13654.5,13654.5,13370.5,13451.0,7902691,13504.3889
XBTUSD,2017-12-10T04:30:00.000Z,13451.0,13550.0,13333.0,13390.0,8482428,13437.2481
XBTUSD,2017-12-10T04:35:00.000Z,13390.0,13770.0,13311.0,13565.5,11969186,13590.6496
XBTUSD,2017-12-10T04:40:00.000Z,13565.5,13661.0,13548.0,13591.0,7429290,13607.2935
XBTUSD,2017-12-10T04:45:00.000Z,13591.0,13839.0,13548.5,13839.0,10425439,13713.6588
XBTUSD,2017-12-10T04:50:00.000Z,13839.0,14000.0,13815.5,13994.5,14006484,13900.4726
XBTUSD,2017-12-10T04:55:00.000Z,13994.5,14195.0,13801.0,13909.0,24208643,13972.3348
XBTUSD,2017-12-10T05:00:00.000Z,13909.0,14100.0,13907.5,14059.0,9144579,14007.5641
XBTUSD,2017-12-10T05:05:00.000Z,14059.0,14060.0,13850.0,13850.0,8757178,13954.7865
XBTUSD,2017-12-10T05:10:00.000Z,13850.0,13923.5,13701.0,13721.0,12023123,13835.0858
XBTUSD,2017-12-10T05:15:00.000Z,13721.0,13921.5,13700.0,13840.5,9074356,13821.7001
XBTUSD,2017-12-10T05:20:00.000Z,13840.5,13881.0,13709.0,13723.0,4772120,13798.8133
XBTUSD,2017-12-10T05:25:00.000Z,13723.0,13780.0,13630.5,13669.5,8451453,13696.7539
XBTUSD,2017-12-10T05:30:00.000Z,13669.5,13850.0,13635.5,13840.0,6078548,13730.6055
XBTUSD,2017-12-10T05:35:00.000Z,13840.0,13840.0,13650.0,13699.5,5027708,13711.7784
XBTUSD,2017-12-10T05:40:00.000Z,13699.5,13699.5,13544.0,13571.0,8071423,13610.9977
XBTUSD,2017-12-10T05:45:00.000Z,13571.0,13651.5,13453.0,13650.0,9540462,13548.2997
XBTUSD,2017-12-10T05:50:00.000Z,13650.0,13702.0,13547.0,13634.5,8213063,13638.8434
XBTUSD,2017-12-10T05:55:00.000Z,13634.5,13670.0,13551.5,13644.0,5615342,13614.7039
XBTUSD,2017-12-10T06:00:00.000Z,13644.0,13793.0,13630.5,13744.5,7517662,13721.1855
XBTUSD,2017-12-10T06:05:00.000Z,13744.5,13910.0,13710.5,13858.5,7189323,13831.2586
XBTUSD,2017-12-10T06:10:00.000Z,13858.5,13945.0,13790.0,13790.0,6591719,13856.1729
XBTUSD,2017-12-10T06:15:00.000Z,13790.0,13845.0,13682.0,13692.5,7793867,13781.6979
XBTUSD,2017-12-10T06:20:00.000Z,13692.5,13735.0,13552.0,13568.0,8410631,13642.5648
XBTUSD,2017-12-10T06:25:00.000Z,13568.0,13747.0,13568.0,13745.0,5212556,13666.8033
XBTUSD,2017-12-10T06:30:00.000Z,13745.0,13824.5,13719.0,13726.5,5575217,13774.1047
XBTUSD,2017-12-10T06:35:00.000Z,13726.5,13800.0,13720.0,13746.0,2820647,13758.9433
XBTUSD,2017-12-10T06:40:00.000Z,13746.0,14119.0,13746.5,14050.0,13637966,13958.6823
XBTUSD,2017-12-10T06:45:00.000Z,14050.0,14051.5,13939.5,13967.0,7244199,13997.7604
XBTUSD,2017-12-10T06:50:00.000Z,13967.0,14100.0,13952.5,14037.0,6492569,14027.2128
XBTUSD,2017-12-10T06:55:00.000Z,14037.0,14293.0,14038.5,14293.0,9068784,14182.3855
XBTUSD,2017-12-10T07:00:00.000Z,14293.0,14293.0,14130.5,14185.0,9738193,14208.582
XBTUSD,2017-12-10T07:05:00.000Z,14185.0,14245.0,14150.0,14225.5,7873544,14202.528
XBTUSD,2017-12-10T07:10:00.000Z,14225.5,14244.5,14055.5,14118.5,8434941,14144.2716
XBTUSD,2017-12-10T07:15:00.000Z,14118.5,14141.5,14000.0,14006.5,5083112,14058.7656
XBTUSD,2017-12-10T07:20:00.000Z,14006.5,14058.0,13914.5,13952.0,6569494,13991.8847
XBTUSD,2017-12-10T07:25:00.000Z,13952.0,14068.0,13940.5,13972.5,6249117,14001.6802
XBTUSD,2017-12-10T07:30:00.000Z,13972.5,13973.5,13805.5,13859.5,8690515,13883.1043
XBTUSD,2017-12-10T07:35:00.000Z,13859.5,13913.0,13750.0,13873.0,11852087,13817.8803
XBTUSD,2017-12-10T07:40:00.000Z,13873.0,13942.0,13662.5,13744.5,11311334,13798.8133
XBTUSD,2017-12-10T07:45:00.000Z,13744.5,13865.0,13650.5,13814.5,10232423,13740.0385
XBTUSD,2017-12-10T07:50:00.000Z,13814.5,13900.0,13805.5,13846.0,3589482,13854.2533
XBTUSD,2017-12-10T07:55:00.000Z,13846.0,13886.0,13753.0,13845.0,3930737,13804.5279
XBTUSD,2017-12-10T08:00:00.000Z,13845.0,14057.5,13844.5,13972.5,9678091,13937.2822
XBTUSD,2017-12-10T08:05:00.000Z,13972.5,14015.5,13845.5,13886.0,6381478,13914.0114
XBTUSD,2017-12-10T08:10:00.000Z,13886.0,13886.5,13746.0,13770.5,5394198,13787.3983
XBTUSD,2017-12-10T08:15:00.000Z,13770.5,13770.5,13580.0,13582.0,10457679,13655.6056
XBTUSD,2017-12-10T08:20:00.000Z,13582.0,13648.5,13577.0,13619.5,5287290,13601.741
XBTUSD,2017-12-10T08:25:00.000Z,13619.5,13648.0,13352.0,13427.5,12763856,13471.6422
XBTUSD,2017-12-10T08:30:00.000Z,13427.5,13550.0,13427.0,13547.0,7580855,13506.2129
XBTUSD,2017-12-10T08:35:00.000Z,13547.0,13630.0,13512.0,13591.5,5623939,13574.0464
XBTUSD,2017-12-10T08:40:00.000Z,13591.5,13800.0,13598.0,13695.0,11909855,13713.6588
XBTUSD,2017-12-10T08:45:00.000Z,13695.0,13698.5,13506.0,13557.0,5876297,13605.4422
XBTUSD,2017-12-10T08:50:00.000Z,13557.0,13709.0,13461.0,13708.0,7761318,13598.0419
XBTUSD,2017-12-10T08:55:00.000Z,13708.0,13709.0,13592.5,13621.0,4697665,13635.1241
XBTUSD,2017-12-10T09:00:00.000Z,13621.0,13820.0,13624.0,13778.0,8911145,13745.7045
XBTUSD,2017-12-10T09:05:00.000Z,13778.0,13829.0,13720.0,13772.5,3572820,13779.7988
XBTUSD,2017-12-10T09:10:00.000Z,13772.5,13824.5,13693.0,13755.5,4780434,13743.8153
XBTUSD,2017-12-10T09:15:00.000Z,13755.5,13755.5,13611.0,13628.0,5165840,13651.8771
XBTUSD,2017-12-10T09:20:00.000Z,13628.0,13756.5,13625.0,13739.0,5629154,13687.3802
XBTUSD,2017-12-10T09:25:00.000Z,13739.0,13855.0,13741.0,13820.0,4539324,13823.6107
XBTUSD,2017-12-10T09:30:00.000Z,13820.0,13829.5,13670.0,13798.0,4631863,13745.7045
XBTUSD,2017-12-10T09:35:00.000Z,13798.0,13797.5,13666.5,13762.5,3390820,13708.0192
XBTUSD,2017-12-10T09:40:00.000Z,13762.5,13924.5,13750.0,13891.5,5021048,13838.915
XBTUSD,2017-12-10T09:45:00.000Z,13891.5,14023.0,13831.0,14015.0,9164513,13948.9469
XBTUSD,2017-12-10T09:50:00.000Z,14015.0,14060.5,13923.5,13927.0,10259171,13997.7604
XBTUSD,2017-12-10T09:55:00.000Z,13927.0,13977.0,13840.0,13898.5,7066477,13919.8218
XBTUSD,2017-12-10T10:00:00.000Z,13898.5,13961.0,13860.0,13960.0,4134654,13915.9477
XBTUSD,2017-12-10T10:05:00.000Z,13960.0,13960.0,13860.0,13928.5,2775741,13906.2717
XBTUSD,2017-12-10T10:10:00.000Z,13928.5,14099.0,13928.5,14058.5,7478381,14052.8387
XBTUSD,2017-12-10T10:15:00.000Z,14058.5,14245.0,14050.0,14244.5,6247734,14146.2725
XBTUSD,2017-12-10T10:20:00.000Z,14244.5,14289.5,14100.5,14125.5,13446913,14208.582
XBTUSD,2017-12-10T10:25:00.000Z,14125.5,14228.0,14118.5,14147.5,4092829,14180.3744
XBTUSD,2017-12-10T10:30:00.000Z,14147.5,14250.0,14116.5,14247.5,4599822,14180.3744
XBTUSD,2017-12-10T10:35:00.000Z,14247.5,14247.5,14150.5,14205.5,5049098,14190.4356
XBTUSD,2017-12-10T10:40:00.000Z,14205.5,14399.0,14205.0,14394.0,9462350,14314.343
XBTUSD,2017-12-10T10:45:00.000Z,14394.0,14444.0,14251.0,14287.0,12249609,14338.9733
XBTUSD,2017-12-10T10:50:00.000Z,14287.0,14327.5,14143.0,14145.0,6224668,14240.957
XBTUSD,2017-12-10T10:55:00.000Z,14145.0,14197.0,14052.0,14110.5,7891877,14132.2781
XBTUSD,2017-12-10T11:00:00.000Z,14110.5,14139.5,14050.0,14138.5,4821035,14102.3833
XBTUSD,2017-12-10T11:05:00.000Z,14138.5,14209.0,14119.5,14149.5,3297210,14166.3125
XBTUSD,2017-12-10T11:10:00.000Z,14149.5,14238.0,14140.0,14167.0,3974995,14186.4094
XBTUSD,2017-12-10T11:15:00.000Z,14167.0,14170.0,14065.0,14087.0,4002169,14122.2991
XBTUSD,2017-12-10T11:20:00.000Z,14087.0,14168.5,14060.0,14158.5,4908010,14108.3521
XBTUSD,2017-12-10T11:25:00.000Z,14158.5,14189.0,14115.5,14181.5,2645737,14152.2785
XBTUSD,2017-12-10T11:30:00.000Z,14181.5,14192.5,14139.0,14162.5,2600094,14180.3744
XBTUSD,2017-12-10T11:35:00.000Z,14162.5,14210.0,14044.0,14050.0,3696747,14132.2781
XBTUSD,2017-12-10T11:40:00.000Z,14050.0,14050.5,13888.0,13935.0,8020446,13970.3828
XBTUSD,2017-12-10T11:45:00.000Z,13935.0,13966.5,13850.0,13866.0,4278473,13904.3382
XBTUSD,2017-12-10T11:50:00.000Z,13866.0,13953.0,13828.5,13921.0,6637113,13883.1043
XBTUSD,2017-12-10T11:55:00.000Z,13921.0,14055.0,13900.0,14050.0,4230359,13986.014
XBTUSD,2017-12-10T12:00:00.000Z,14050.0,14050.5,13995.0,14033.5,2506184,14029.1807
XBTUSD,2017-12-10T12:05:00.000Z,14033.5,14100.5,13888.0,13960.5,12142830,14007.5641
XBTUSD,2017-12-10T12:10:00.000Z,13960.5,14047.5,13897.0,13953.5,5862552,13956.7341
XBTUSD,2017-12-10T12:15:00.000Z,13953.5,14000.0,13916.5,13953.0,1607191,13968.4313
XBTUSD,2017-12-10T12:20:00.000Z,13953.0,14000.0,13907.0,13943.0,2193322,13958.6823
XBTUSD,2017-12-10T12:25:00.000Z,13943.0,13967.5,13860.0,13891.0,3362103,13902.4051
XBTUSD,2017-12-10T12:30:00.000Z,13891.0,13982.5,13881.5,13959.0,3073788,13921.7597
XBTUSD,2017-12-10T12:35:00.000Z,13959.0,14024.5,13943.5,14014.0,3627641,13982.1029
XBTUSD,2017-12-10T12:40:00.000Z,14014.0,14162.5,14013.5,14079.5,6256457,14088.4756
XBTUSD,2017-12-10T12:45:00.000Z,14079.5,14105.0,14029.5,14099.0,2699790,14072.6147
XBTUSD,2017-12-10T12:50:00.000Z,14099.0,14224.0,14086.5,14224.0,6239957,14168.3196
XBTUSD,2017-12-10T12:55:00.000Z,14224.0,14234.0,14066.5,14167.5,4724319,14162.3
XBTUSD,2017-12-10T13:00:00.000Z,14167.5,14192.5,14112.0,14178.0,2817319,14158.2897
XBTUSD,2017-12-10T13:05:00.000Z,14178.0,14250.0,14151.0,14234.5,2327547,14204.5455
XBTUSD,2017-12-10T13:10:00.000Z,14234.5,14416.5,14230.5,14376.0,7187791,14355.4407
XBTUSD,2017-12-10T13:15:00.000Z,14376.0,14566.5,14376.0,14564.0,9204165,14475.9699
XBTUSD,2017-12-10T13:20:00.000Z,14564.0,14600.0,14480.0,14507.5,11853744,14564.5208
XBTUSD,2017-12-10T13:25:00.000Z,14507.5,14555.0,14437.5,14555.0,5724610,14494.8543
XBTUSD,2017-12-10T13:30:00.000Z,14555.0,14690.0,14554.5,14678.0,7675268,14626.2981
XBTUSD,2017-12-10T13:35:00.000Z,14678.0,14836.5,14654.0,14831.5,8612202,14742.7392
XBTUSD,2017-12-10T13:40:00.000Z,14831.5,15006.0,14776.0,14964.0,18360463,14887.5986
XBTUSD,2017-12-10T13:45:00.000Z,14964.0,15125.5,14842.5,14946.0,18117598,15015.015
XBTUSD,2017-12-10T13:50:00.000Z,14946.0,14963.5,14850.0,14950.0,14409075,14903.1297
XBTUSD,2017-12-10T13:55:00.000Z,14950.0,14949.5,14858.5,14858.5,5465757,14894.2508
XBTUSD,2017-12-10T14:00:00.000Z,14858.5,15169.5,14858.5,15160.0,8793829,15033.0728
XBTUSD,2017-12-10T14:05:00.000Z,15160.0,15350.0,15103.0,15294.0,15419436,15236.9343
XBTUSD,2017-12-10T14:10:00.000Z,15294.0,15330.0,15100.0,15117.0,15052309,15204.5005
XBTUSD,2017-12-10T14:15:00.000Z,15117.0,15299.0,15109.0,15287.0,8731885,15220.7002
XBTUSD,2017-12-10T14:20:00.000Z,15287.0,15562.0,15262.0,15559.5,17214875,15441.6306
XBTUSD,2017-12-10T14:25:00.000Z,15559.5,15622.0,15443.5,15559.0,17521113,15564.2023
XBTUSD,2017-12-10T14:30:00.000Z,15559.0,15800.0,15545.0,15569.0,15712317,15669.0693
XBTUSD,2017-12-10T14:35:00.000Z,15569.0,15770.0,15525.5,15682.5,13060571,15688.7355
XBTUSD,2017-12-10T14:40:00.000Z,15682.5,15690.0,15300.0,15451.5,23767123,15499.0701
XBTUSD,2017-12-10T14:45:00.000Z,15451.5,15573.0,15326.0,15453.0,11664706,15465.5119
XBTUSD,2017-12-10T14:50:00.000Z,15453.0,15453.0,15200.0,15390.5,15372975,15290.5199
XBTUSD,2017-12-10T14:55:00.000Z,15390.5,15459.0,15303.5,15347.0,8759585,15368.0652
XBTUSD,2017-12-10T15:00:00.000Z,15347.0,15486.0,15300.0,15300.0,7381998,15415.4463
XBTUSD,2017-12-10T15:05:00.000Z,15300.0,15369.0,15250.0,15307.5,7769897,15313.9357
XBTUSD,2017-12-10T15:10:00.000Z,15307.5,15302.0,15150.0,15185.0,13354918,15199.8784
XBTUSD,2017-12-10T15:15:00.000Z,15185.0,15297.5,15104.5,15246.5,12629587,15202.1891
XBTUSD,2017-12-10T15:20:00.000Z,15246.5,15519.5,15228.0,15464.0,12166550,15396.4588
XBTUSD,2017-12-10T15:25:00.000Z,15464.0,15522.0,15284.0,15410.0,9035880,15405.9467
XBTUSD,2017-12-10T15:30:00.000Z,15410.0,15594.5,15339.5,15594.5,6060994,15441.6306
XBTUSD,2017-12-10T15:35:00.000Z,15594.5,15633.0,15534.0,15542.5,7460946,15576.324
XBTUSD,2017-12-10T15:40:00.000Z,15542.5,15881.0,15498.5,15858.0,13184509,15703.5176
XBTUSD,2017-12-10T15:45:00.000Z,15858.0,15951.0,15701.0,15710.0,12354153,15832.8056
XBTUSD,2017-12-10T15:50:00.000Z,15710.0,15752.0,15573.5,15672.5,8905348,15666.6144
XBTUSD,2017-12-10T15:55:00.000Z,15672.5,15699.5,15519.0,15519.0,6401155,15607.9288
XBTUSD,2017-12-10T16:00:00.000Z,15519.0,15731.5,15520.5,15711.0,4226193,15656.8029
XBTUSD,2017-12-10T16:05:00.000Z,15711.0,15763.0,15558.0,15558.0,6175856,15649.4523
XBTUSD,2017-12-10T16:10:00.000Z,15558.0,15592.0,15479.0,15569.5,4131088,15520.7202
XBTUSD,2017-12-10T16:15:00.000Z,15569.5,15650.0,15566.0,15623.5,2477052,15600.624
XBTUSD,2017-12-10T16:20:00.000Z,15623.5,15724.0,15585.5,15591.0,3876266,15659.2546
XBTUSD,2017-12-10T16:25:00.000Z,15591.0,15739.5,15590.5,15643.0,3988729,15678.8962
XBTUSD,2017-12-10T16:30:00.000Z,15643.0,15882.0,15649.5,15865.0,4863697,15795.293
XBTUSD,2017-12-10T16:35:00.000Z,15865.0,15865.0,15700.5,15743.5,5684803,15775.3589
XBTUSD,2017-12-10T16:40:00.000Z,15743.5,15744.0,15580.0,15608.5,5498679,15637.2166
XBTUSD,2017-12-10T16:45:00.000Z,15608.5,15650.0,15454.0,15454.5,5782371,15561.7803
XBTUSD,2017-12-10T16:50:00.000Z,15454.5,15500.0,15250.0,15491.5,14519311,15375.1538
XBTUSD,2017-12-10T16:55:00.000Z,15491.5,15549.0,15417.0,15448.5,4303623,15467.9041
XBTUSD,2017-12-10T17:00:00.000Z,15448.5,15448.5,15249.0,15337.5,7201914,15337.4233
XBTUSD,2017-12-10T17:05:00.000Z,15337.5,15496.5,15275.0,15480.5,4531223,15375.1538
XBTUSD,2017-12-10T17:10:00.000Z,15480.5,15577.5,15460.0,15493.0,4068164,15501.4726
XBTUSD,2017-12-10T17:15:00.000Z,15493.0,15535.0,15440.0,15500.0,2496811,15484.6702
XBTUSD,2017-12-10T17:20:00.000Z,15500.0,15500.0,15420.5,15498.5,2263971,15448.7873
XBTUSD,2017-12-10T17:25:00.000Z,15498.5,15589.0,15493.0,15505.5,2976471,15532.7742
XBTUSD,2017-12-10T17:30:00.000Z,15505.5,15505.0,15423.0,15496.0,3169649,15467.9041
XBTUSD,2017-12-10T17:35:00.000Z,15496.0,15683.5,15496.0,15632.5,6090994,15598.1906
XBTUSD,2017-12-10T17:40:00.000Z,15632.5,15653.0,15540.5,15570.0,4875005,15581.1779
XBTUSD,2017-12-10T17:45:00.000Z,15570.0,15632.0,15499.0,15565.0,3227074,15554.5186
XBTUSD,2017-12-10T17:50:00.000Z,15565.0,15565.5,15450.0,15500.5,2661366,15499.0701
XBTUSD,2017-12-10T17:55:00.000Z,15500.5,15596.5,15487.5,15529.0,2510987,15527.9503
XBTUSD,2017-12-10T18:00:00.000Z,15529.0,15600.0,15524.5,15559.5,1692060,15561.7803
XBTUSD,2017-12-10T18:05:00.000Z,15559.5,15560.0,15453.5,15459.0,2357776,15496.6682
XBTUSD,2017-12-10T18:10:00.000Z,15459.0,15548.0,15458.5,15533.0,2416786,15523.1295
XBTUSD,2017-12-10T18:15:00.000Z,15533.0,15552.5,15467.0,15482.0,1362523,15520.7202
XBTUSD,2017-12-10T18:20:00.000Z,15482.0,15484.0,15335.0,15365.0,6941549,15403.5736
XBTUSD,2017-12-10T18:25:00.000Z,15365.0,15450.0,15342.5,15343.5,3628592,15386.9826
XBTUSD,2017-12-10T18:30:00.000Z,15343.5,15398.0,15290.0,15290.0,4114901,15342.1295
XBTUSD,2017-12-10T18:35:00.000Z,15290.0,15296.5,15165.0,15186.5,8601210,15229.9726
XBTUSD,2017-12-10T18:40:00.000Z,15186.5,15294.0,15186.5,15275.0,3717618,15264.8451
XBTUSD,2017-12-10T18:45:00.000Z,15275.0,15362.5,15252.0,15351.0,2379403,15295.1973
XBTUSD,2017-12-10T18:50:00.000Z,15351.0,15504.0,15351.5,15501.5,5007792,15434.4806
XBTUSD,2017-12-10T18:55:00.000Z,15501.5,15508.0,15354.5,15385.5,4433887,15439.2466
XBTUSD,2017-12-10T19:00:00.000Z,15385.5,15424.0,15320.0,15326.0,3144110,15360.9831
XBTUSD,2017-12-10T19:05:00.000Z,15326.0,15389.0,15287.5,15388.5,3094748,15330.3695
XBTUSD,2017-12-10T19:10:00.000Z,15388.5,15440.0,15375.5,15420.5,2145743,15403.5736
XBTUSD,2017-12-10T19:15:00.000Z,15420.5,15439.0,15396.5,15399.0,1537585,15410.695
XBTUSD,2017-12-10T19:20:00.000Z,15399.0,15399.5,15297.0,15301.0,3989809,15332.72
XBTUSD,2017-12-10T19:25:00.000Z,15301.0,15395.0,15300.5,15365.0,2928818,15356.2654
XBTUSD,2017-12-10T19:30:00.000Z,15365.0,15495.0,15369.5,15491.0,3226889,15448.7873
XBTUSD,2017-12-10T19:35:00.000Z,15491.0,15749.0,15487.0,15645.0,10172270,15644.5557
XBTUSD,2017-12-10T19:40:00.000Z,15645.0,15749.0,15545.0,15672.5,7296712,15659.2546
XBTUSD,2017-12-10T19:45:00.000Z,15672.5,15719.5,15631.0,15644.0,3792283,15688.7355
XBTUSD,2017-12-10T19:50:00.000Z,15644.0,15700.5,15597.0,15681.5,3187775,15669.0693
XBTUSD,2017-12-10T19:55:00.000Z,15681.5,15847.5,15670.5,15833.5,6371250,15770.3832
XBTUSD,2017-12-10T20:00:00.000Z,15833.5,15840.0,15710.0,15730.0,7596717,15782.8283
XBTUSD,2017-12-10T20:05:00.000Z,15730.0,15870.0,15730.0,15790.5,10460448,15817.7792
XBTUSD,2017-12-10T20:10:00.000Z,15790.5,15799.5,15620.0,15627.0,6198774,15718.3276
XBTUSD,2017-12-10T20:15:00.000Z,15627.0,15720.0,15560.0,15615.0,6952881,15654.3519
XBTUSD,2017-12-10T20:20:00.000Z,15615.0,15695.0,15605.5,15656.0,3843060,15659.2546
XBTUSD,2017-12-10T20:25:00.000Z,15656.0,15714.0,15575.0,15660.5,4357431,15651.9017
XBTUSD,2017-12-10T20:30:00.000Z,15660.5,15720.0,15651.0,15690.5,3061330,15686.2745
XBTUSD,2017-12-10T20:35:00.000Z,15690.5,15710.0,15587.0,15599.0,3960291,15664.1604
XBTUSD,2017-12-10T20:40:00.000Z,15599.0,15637.5,15535.0,15582.5,5045048,15588.4645
XBTUSD,2017-12-10T20:45:00.000Z,15582.5,15651.0,15396.0,15419.5,10451347,15523.1295
XBTUSD,2017-12-10T20:50:00.000Z,15419.5,15530.0,15382.5,15470.0,8368291,15467.9041
XBTUSD,2017-12-10T20:55:00.000Z,15470.0,15514.0,15466.0,15512.5,2200508,15489.4672
XBTUSD,2017-12-10T21:00:00.000Z,15512.5,15513.0,15468.0,15468.0,1601258,15489.4672
XBTUSD,2017-12-10T21:05:00.000Z,15468.0,15627.0,15468.0,15621.0,4223441,15527.9503
XBTUSD,2017-12-10T21:10:00.000Z,15621.0,15625.0,15410.5,15486.0,5044865,15515.9038
XBTUSD,2017-12-10T21:15:00.000Z,15486.0,15486.0,15302.5,15351.0,7683997,15375.1538
XBTUSD,2017-12-10T21:20:00.000Z,15351.0,15413.5,15215.0,15249.5,7167583,15304.5608
XBTUSD,2017-12-10T21:25:00.000Z,15249.5,15260.0,14550.0,14759.0,34109062,14927.6011
XBTUSD,2017-12-10T21:30:00.000Z,14759.0,15005.5,14751.5,14899.5,20654961,14905.351
XBTUSD,2017-12-10T21:35:00.000Z,14899.5,15147.0,14900.0,15126.5,13649999,15067.0484
XBTUSD,2017-12-10T21:40:00.000Z,15126.5,15150.0,14822.0,14865.5,7467067,14992.5037
XBTUSD,2017-12-10T21:45:00.000Z,14865.5,15052.0,14801.0,15004.0,9046814,14936.5198
XBTUSD,2017-12-10T21:50:00.000Z,15004.0,15075.0,14724.5,14805.0,10662785,14916.4678
XBTUSD,2017-12-10T21:55:00.000Z,14805.0,14805.0,14570.0,14710.0,9980635,14679.9765
XBTUSD,2017-12-10T22:00:00.000Z,14710.0,14829.0,14666.0,14666.0,7727643,14744.913
XBTUSD,2017-12-10T22:05:00.000Z,14666.0,14998.0,14622.5,14922.5,10974618,14865.4675
XBTUSD,2017-12-10T22:10:00.000Z,14922.5,14969.5,14840.0,14860.5,5895296,14907.573
XBTUSD,2017-12-10T22:15:00.000Z,14860.5,14861.0,14720.0,14799.5,6390736,14786.3374
XBTUSD,2017-12-10T22:20:00.000Z,14799.5,14940.5,14706.0,14937.0,6644283,14827.9953
XBTUSD,2017-12-10T22:25:00.000Z,14937.0,15138.5,14935.5,15093.5,8957340,15071.5901
XBTUSD,2017-12-10T22:30:00.000Z,15093.5,15189.5,15043.0,15089.0,5344280,15114.873
XBTUSD,2017-12-10T22:35:00.000Z,15089.0,15089.0,14948.0,14965.0,5508380,15015.015
XBTUSD,2017-12-10T22:40:00.000Z,14965.0,15094.0,14961.0,15083.5,2830216,15044.3809
XBTUSD,2017-12-10T22:45:00.000Z,15083.5,15086.0,14950.5,15005.0,3592232,15024.0385
XBTUSD,2017-12-10T22:50:00.000Z,15005.0,15040.0,14899.5,14900.0,6597311,14967.8192
XBTUSD,2017-12-10T22:55:00.000Z,14900.0,14962.5,14698.0,14700.0,6855277,14827.9953
XBTUSD,2017-12-10T23:00:00.000Z,14700.0,14777.5,14512.5,14777.5,16135821,14639.1451
XBTUSD,2017-12-10T23:05:00.000Z,14777.5,16000.0,14725.0,15900.0,26498421,15424.9576
XBTUSD,2017-12-10T23:10:00.000Z,15900.0,16149.0,14500.0,15413.0,27814583,15566.6252
XBTUSD,2017-12-10T23:15:00.000Z,15413.0,15704.0,15150.0,15439.5,16235798,15489.4672
XBTUSD,2017-12-10T23:20:00.000Z,15439.5,15742.0,15439.5,15664.5,10298737,15610.3653
XBTUSD,2017-12-10T23:25:00.000Z,15664.5,15745.5,15346.5,15500.0,8878334,15540.0155
XBTUSD,2017-12-10T23:30:00.000Z,15500.0,15724.0,15450.5,15713.0,6449939,15590.8949
XBTUSD,2017-12-10T23:35:00.000Z,15713.0,15852.0,15588.0,15698.0,10400841,15710.9191
XBTUSD,2017-12-10T23:40:00.000Z,15698.0,15749.0,15516.0,15520.0,7913244,15600.624
XBTUSD,2017-12-10T23:45:00.000Z,15520.0,15623.5,15391.0,15478.5,9724511,15499.0701
XBTUSD,2017-12-10T23:50:00.000Z,15478.5,15580.0,15400.0,15510.0,5685691,15506.28
XBTUSD,2017-12-10T23:55:00.000Z,15510.0,15510.0,15103.0,15127.5,11629949,15309.2468
XBTUSD,2017-12-11T00:00:00.000Z,15127.5,15267.0,14897.0,15143.0,28559449,15092.0616
XBTUSD,2017-12-11T00:05:00.000Z,15143.0,15250.0,15103.0,15176.5,5981426,15183.723
XBTUSD,2017-12-11T00:10:00.000Z,15176.5,15271.0,15102.0,15270.0,5829756,15218.3838
XBTUSD,2017-12-11T00:15:00.000Z,15270.0,15475.0,15270.0,15435.0,8346196,15377.5181
XBTUSD,2017-12-11T00:20:00.000Z,15435.0,15435.5,15280.0,15343.5,5764831,15339.776
XBTUSD,2017-12-11T00:25:00.000Z,15343.5,15455.5,15335.0,15422.5,3614606,15401.2013
XBTUSD,2017-12-11T00:30:00.000Z,15422.5,15596.0,15341.5,15374.5,10281920,15491.8668
XBTUSD,2017-12-11T00:35:00.000Z,15374.5,15389.0,15180.0,15337.5,6206055,15285.8453
XBTUSD,2017-12-11T00:40:00.000Z,15337.5,15384.5,15240.0,15373.0,3342742,15302.2188
XBTUSD,2017-12-11T00:45:00.000Z,15373.0,15412.0,15314.5,15355.0,3532014,15360.9831
XBTUSD,2017-12-11T00:50:00.000Z,15355.0,15511.5,15332.5,15511.5,5168684,15441.6306
XBTUSD,2017-12-11T00:55:00.000Z,15511.5,15591.0,15472.5,15555.0,3555836,15537.601
XBTUSD,2017-12-11T01:00:00.000Z,15555.0,15570.0,15461.0,15499.5,3027064,15513.4967
XBTUSD,2017-12-11T01:05:00.000Z,15499.5,15576.5,15470.5,15576.5,2242794,15520.7202
XBTUSD,2017-12-11T01:10:00.000Z,15576.5,15731.5,15576.0,15692.0,7612700,15673.9812
XBTUSD,2017-12-11T01:15:00.000Z,15692.0,15811.5,15630.5,15810.5,4505994,15748.0315
XBTUSD,2017-12-11T01:20:00.000Z,15810.5,16000.0,15810.0,15975.0,11810654,15923.5669
XBTUSD,2017-12-11T01:25:00.000Z,15975.0,16026.0,15797.0,15883.0,14989001,15900.7791
XBTUSD,2017-12-11T01:30:00.000Z,15883.0,15974.5,15813.5,15965.0,8124095,15893.1977
XBTUSD,2017-12-11T01:35:00.000Z,15965.0,16180.5,15951.0,16163.0,6926495,16064.257
XBTUSD,2017-12-11T01:40:00.000Z,16163.0,16232.0,16077.0,16083.5,9945361,16147.263
XBTUSD,2017-12-11T01:45:00.000Z,16083.5,16150.0,15993.5,16011.0,7228099,16087.5161
XBTUSD,2017-12-11T01:50:00.000Z,16011.0,16100.0,15972.5,16041.5,8344762,16030.7791
XBTUSD,2017-12-11T01:55:00.000Z,16041.5,16300.0,16018.5,16218.0,10092355,16189.0886
XBTUSD,2017-12-11T02:00:00.000Z,16218.0,16240.0,16121.0,16197.0,6711420,16183.8485
XBTUSD,2017-12-11T02:05:00.000Z,16197.0,16286.5,16114.0,16121.0,5345247,16194.332
XBTUSD,2017-12-11T02:10:00.000Z,16121.0,16214.5,16115.0,16195.5,4200605,16168.1487
XBTUSD,2017-12-11T02:15:00.000Z,16195.5,16195.5,16030.0,16132.5,6410787,16079.7556
XBTUSD,2017-12-11T02:20:00.000Z,16132.5,16235.0,16068.0,16234.5,5548674,16168.1487
XBTUSD,2017-12-11T02:25:00.000Z,16234.5,16235.0,16140.0,16192.5,4287534,16183.8485
XBTUSD,2017-12-11T02:30:00.000Z,16192.5,16360.0,16191.5,16330.0,6848619,16302.5758
XBTUSD,2017-12-11T02:35:00.000Z,16330.0,16471.5,16300.0,16467.0,6497570,16385.3842
XBTUSD,2017-12-11T02:40:00.000Z,16467.0,16474.5,16316.5,16408.0,6333915,16406.8909
XBTUSD,2017-12-11T02:45:00.000Z,16408.0,16430.0,16332.0,16419.0,6324674,16396.1305
XBTUSD,2017-12-11T02:50:00.000Z,16419.0,16608.0,16418.5,16599.0,8082596,16528.9256
XBTUSD,2017-12-11T02:55:00.000Z,16599.0,16599.5,16470.5,16584.5,8650131,16534.3915
XBTUSD,2017-12-11T03:00:00.000Z,16584.5,16695.0,16583.5,16639.5,6373585,16636.167
XBTUSD,2017-12-11T03:05:00.000Z,16639.5,16850.0,16610.0,16827.5,9104655,16719.6121
XBTUSD,2017-12-11T03:10:00.000Z,16827.5,16835.0,16642.5,16802.5,13346180,16753.225
XBTUSD,2017-12-11T03:15:00.000Z,16802.5,16803.0,16632.5,16639.5,7856877,16730.8014
XBTUSD,2017-12-11T03:20:00.000Z,16639.5,16699.5,16627.0,16667.0,4876998,16669.4449
XBTUSD,2017-12-11T03:25:00.000Z,16667.0,16779.0,16665.5,16730.0,4315153,16730.8014
XBTUSD,2017-12-11T03:30:00.000Z,16730.0,16850.0,16729.5,16846.0,6383143,16801.0753
XBTUSD,2017-12-11T03:35:00.000Z,16846.0,16848.0,16746.0,16815.0,7284553,16789.7918
XBTUSD,2017-12-11T03:40:00.000Z,16815.0,16875.5,16787.5,16846.5,4705683,16832.1831
XBTUSD,2017-12-11T03:45:00.000Z,16846.5,16851.0,16750.0,16780.5,10276283,16803.8985
XBTUSD,2017-12-11T03:50:00.000Z,16780.5,16815.0,16425.5,16577.0,16644399,16589.2502
XBTUSD,2017-12-11T03:55:00.000Z,16577.0,16700.0,16550.0,16676.5,11064921,16655.563
XBTUSD,2017-12-11T04:00:00.000Z,16676.5,16678.5,16530.0,16585.5,7177469,16592.0027
XBTUSD,2017-12-11T04:05:00.000Z,16585.5,16758.0,16585.5,16745.0,12747806,16688.9186
XBTUSD,2017-12-11T04:10:00.000Z,16745.0,16836.5,16669.5,16680.0,9980207,16775.7088
XBTUSD,2017-12-11T04:15:00.000Z,16680.0,16750.0,16657.0,16675.0,3861153,16691.7042
XBTUSD,2017-12-11T04:20:00.000Z,16675.0,16676.5,16589.5,16590.0,5443758,16647.2449
XBTUSD,2017-12-11T04:25:00.000Z,16590.0,16607.5,16386.0,16426.5,11526452,16485.3281
XBTUSD,2017-12-11T04:30:00.000Z,16426.5,16574.0,16426.0,16552.0,7345541,16498.9276
XBTUSD,2017-12-11T04:35:00.000Z,16552.0,16560.0,16461.5,16515.0,3172951,16526.194
XBTUSD,2017-12-11T04:40:00.000Z,16515.0,16529.0,16300.0,16316.0,14027939,16428.4541
XBTUSD,2017-12-11T04:45:00.000Z,16316.0,16420.0,16300.0,16310.5,11441963,16366.6121
XBTUSD,2017-12-11T04:50:00.000Z,16310.5,16535.0,16300.0,16529.0,10915072,16433.8537
XBTUSD,2017-12-11T04:55:00.000Z,16529.0,16650.0,16459.5,16642.0,4907109,16570.0083
XBTUSD,2017-12-11T05:00:00.000Z,16642.0,16642.0,16550.0,16550.0,5087835,16605.7788
XBTUSD,2017-12-11T05:05:00.000Z,16550.0,16597.5,16550.0,16597.5,1802943,16583.7479
XBTUSD,2017-12-11T05:10:00.000Z,16597.5,16710.0,16594.5,16664.0,3960814,16661.113
XBTUSD,2017-12-11T05:15:00.000Z,16664.0,16767.0,16663.5,16743.5,4230270,16725.2049
XBTUSD,2017-12-11T05:20:00.000Z,16743.5,16743.5,16650.0,16656.5,2507111,16711.2299
XBTUSD,2017-12-11T05:25:00.000Z,16656.5,16657.0,16640.0,16648.0,2525351,16647.2449
XBTUSD,2017-12-11T05:30:00.000Z,16648.0,16650.0,16555.0,16555.0,3918754,16594.7561
XBTUSD,2017-12-11T05:35:00.000Z,16555.0,16602.5,16506.0,16543.0,3616074,16559.033
XBTUSD,2017-12-11T05:40:00.000Z,16543.0,16687.5,16520.0,16670.0,2845726,16627.8683
XBTUSD,2017-12-11T05:45:00.000Z,16670.0,16670.5,16616.5,16670.0,1637656,16650.0167
XBTUSD,2017-12-11T05:50:00.000Z,16670.0,16670.0,16587.0,16600.0,1333116,16622.3404
XBTUSD,2017-12-11T05:55:00.000Z,16600.0,16649.5,16590.0,16590.0,1300239,16622.3404
XBTUSD,2017-12-11T06:00:00.000Z,16590.0,16625.0,16511.5,16522.0,3311450,16567.2631
XBTUSD,2017-12-11T06:05:00.000Z,16522.0,16678.0,16511.0,16677.5,4044439,16616.8162
XBTUSD,2017-12-11T06:10:00.000Z,16677.5,16722.0,16648.5,16700.0,3412264,16686.1338
XBTUSD,2017-12-11T06:15:00.000Z,16700.0,16750.5,16695.5,16695.5,3736202,16733.6011
XBTUSD,2017-12-11T06:20:00.000Z,16695.5,16739.0,16689.0,16730.0,2028038,16711.2299
XBTUSD,2017-12-11T06:25:00.000Z,16730.0,16879.0,16729.5,16850.5,7271953,16812.3739
XBTUSD,2017-12-11T06:30:00.000Z,16850.5,16972.5,16856.5,16961.5,8110302,16920.4738
XBTUSD,2017-12-11T06:35:00.000Z,16961.5,16962.5,16830.0,16854.5,6555675,16880.4862
XBTUSD,2017-12-11T06:40:00.000Z,16854.5,16933.5,16854.5,16883.5,3752063,16906.1708
XBTUSD,2017-12-11T06:45:00.000Z,16883.5,16910.0,16874.0,16905.0,1538698,16894.7457
XBTUSD,2017-12-11T06:50:00.000Z,16905.0,17081.5,16907.0,17033.5,10662330,17001.0201
XBTUSD,2017-12-11T06:55:00.000Z,17033.5,17137.0,17025.0,17070.0,7661181,17085.2554
XBTUSD,2017-12-11T07:00:00.000Z,17070.0,17120.0,17055.0,17114.5,3926057,17088.175
XBTUSD,2017-12-11T07:05:00.000Z,17114.5,17115.0,17005.0,17033.0,6570370,17053.206
XBTUSD,2017-12-11T07:10:00.000Z,17033.0,17042.0,16871.5,16871.5,14477319,16966.4065
XBTUSD,2017-12-11T07:15:00.000Z,16871.5,16950.0,16829.0,16920.0,6674916,16889.039
XBTUSD,2017-12-11T07:20:00.000Z,16920.0,17004.5,16900.5,16916.0,4465140,16946.2803
XBTUSD,2017-12-11T07:25:00.000Z,16916.0,16979.5,16851.5,16881.0,3885988,16920.4738
XBTUSD,2017-12-11T07:30:00.000Z,16881.0,16925.0,16851.5,16860.0,4003105,16894.7457
XBTUSD,2017-12-11T07:35:00.000Z,16860.0,16967.0,16850.0,16919.0,3495982,16911.8891
XBTUSD,2017-12-11T07:40:00.000Z,16919.0,16998.0,16913.0,16977.5,4582447,16937.6694
XBTUSD,2017-12-11T07:45:00.000Z,16977.5,17025.5,16946.5,17010.0,1979096,16983.6957
XBTUSD,2017-12-11T07:50:00.000Z,17010.0,17010.0,16948.5,16962.5,2902768,16983.6957
XBTUSD,2017-12-11T07:55:00.000Z,16962.5,16985.5,16940.0,16965.0,1947290,16957.7751
XBTUSD,2017-12-11T08:00:00.000Z,16965.0,17004.0,16937.0,16937.0,2037362,16975.0467
XBTUSD,2017-12-11T08:05:00.000Z,16937.0,17057.0,16937.0,17057.0,2347844,16998.1302
XBTUSD,2017-12-11T08:10:00.000Z,17057.0,17175.0,17056.5,17141.5,6761754,17120.3561
XBTUSD,2017-12-11T08:15:00.000Z,17141.5,17154.0,16980.5,17060.0,7224273,17082.3369
XBTUSD,2017-12-11T08:20:00.000Z,17060.0,17060.5,16965.5,17001.5,5514052,17021.2766
XBTUSD,2017-12-11T08:25:00.000Z,17001.5,17020.0,16929.0,17019.0,5579394,16980.8117
XBTUSD,2017-12-11T08:30:00.000Z,17019.0,17038.0,16955.0,16996.5,4667467,17001.0201
XBTUSD,2017-12-11T08:35:00.000Z,16996.5,17005.5,16880.5,16899.5,8790052,16929.0672
XBTUSD,2017-12-11T08:40:00.000Z,16899.5,16934.0,16880.5,16926.0,2471777,16911.8891
XBTUSD,2017-12-11T08:45:00.000Z,16926.0,17049.0,16926.0,16998.5,5381488,17001.0201
XBTUSD,2017-12-11T08:50:00.000Z,16998.5,17016.5,16930.5,16930.5,5408067,16983.6957
XBTUSD,2017-12-11T08:55:00.000Z,16930.5,16932.5,16819.0,16827.0,7852726,16869.0958
XBTUSD,2017-12-11T09:00:00.000Z,16827.0,16827.5,16684.5,16768.5,11136712,16739.2032
XBTUSD,2017-12-11T09:05:00.000Z,16768.5,16800.0,16628.5,16748.5,6387863,16705.6465
XBTUSD,2017-12-11T09:10:00.000Z,16748.5,16755.0,16655.0,16706.0,3762351,16708.4378
XBTUSD,2017-12-11T09:15:00.000Z,16706.0,16869.0,16649.0,16834.5,5728106,16750.4188
XBTUSD,2017-12-11T09:20:00.000Z,16834.5,16834.5,16723.0,16769.0,2722981,16772.895
XBTUSD,2017-12-11T09:25:00.000Z,16769.0,16814.0,16701.0,16790.5,2063146,16758.8403
XBTUSD,2017-12-11T09:30:00.000Z,16790.5,16790.5,16639.0,16680.0,5242694,16694.4908
XBTUSD,2017-12-11T09:35:00.000Z,16680.0,16729.0,16679.5,16729.0,1763866,16708.4378
XBTUSD,2017-12-11T09:40:00.000Z,16729.0,16876.0,16728.5,16860.5,7001249,16826.5186
XBTUSD,2017-12-11T09:45:00.000Z,16860.5,16950.0,16843.0,16868.5,3609445,16894.7457
XBTUSD,2017-12-11T09:50:00.000Z,16868.5,16900.0,16799.0,16799.0,3553017,16849.1997
XBTUSD,2017-12-11T09:55:00.000Z,16799.0,16824.0,16759.0,16824.0,4999366,16784.1558
XBTUSD,2017-12-11T10:00:00.000Z,16824.0,16824.0,16775.0,16777.0,2756017,16792.6113
XBTUSD,2017-12-11T10:05:00.000Z,16777.0,16939.5,16764.5,16939.5,5376411,16840.6871
XBTUSD,2017-12-11T10:10:00.000Z,16939.5,16954.5,16876.0,16927.0,4616839,16923.3373
XBTUSD,2017-12-11T10:15:00.000Z,16927.0,16936.0,16892.0,16914.0,3533650,16917.6112
XBTUSD,2017-12-11T10:20:00.000Z,16914.0,16950.0,16820.0,16851.0,4731505,16900.4563
XBTUSD,2017-12-11T10:25:00.000Z,16851.0,16864.0,16780.0,16787.5,4025327,16818.0289
XBTUSD,2017-12-11T10:30:00.000Z,16787.5,16830.0,16763.0,16807.0,3160950,16801.0753
XBTUSD,2017-12-11T10:35:00.000Z,16807.0,16890.0,16807.0,16881.0,2180051,16860.5631
XBTUSD,2017-12-11T10:40:00.000Z,16881.0,16906.0,16850.0,16905.0,3831848,16889.039
XBTUSD,2017-12-11T10:45:00.000Z,16905.0,16905.5,16801.0,16820.5,2300981,16846.3612
XBTUSD,2017-12-11T10:50:00.000Z,16820.5,16858.5,16800.0,16838.0,2931956,16826.5186
XBTUSD,2017-12-11T10:55:00.000Z,16838.0,16877.5,16818.0,16876.0,1680371,16846.3612
XBTUSD,2017-12-11T11:00:00.000Z,16876.0,16876.0,16820.0,16820.0,1259039,16846.3612
XBTUSD,2017-12-11T11:05:00.000Z,16820.0,16890.0,16712.5,16740.0,6552811,16798.253
XBTUSD,2017-12-11T11:10:00.000Z,16740.0,16783.0,16700.0,16710.5,7358475,16719.6121
XBTUSD,2017-12-11T11:15:00.000Z,16710.5,16770.0,16700.0,16741.5,3473386,16719.6121
XBTUSD,2017-12-11T11:20:00.000Z,16741.5,16820.0,16740.0,16795.5,1691070,16792.6113
XBTUSD,2017-12-11T11:25:00.000Z,16795.5,16796.0,16757.0,16784.0,1406252,16778.5235
XBTUSD,2017-12-11T11:30:00.000Z,16784.0,16856.5,16779.5,16846.5,2958500,16823.6878
XBTUSD,2017-12-11T11:35:00.000Z,16846.5,16932.0,16838.5,16843.0,3617094,16871.942
XBTUSD,2017-12-11T11:40:00.000Z,16843.0,16843.0,16740.0,16750.0,3785712,16784.1558
XBTUSD,2017-12-11T11:45:00.000Z,16750.0,16761.0,16727.0,16755.0,2340417,16747.6135
XBTUSD,2017-12-11T11:50:00.000Z,16755.0,16796.5,16735.5,16742.5,2208343,16770.0822
XBTUSD,2017-12-11T11:55:00.000Z,16742.5,16765.5,16676.0,16709.5,6568627,16705.6465
XBTUSD,2017-12-11T12:00:00.000Z,16709.5,16710.0,16521.0,16570.0,11183871,16611.2957
XBTUSD,2017-12-11T12:05:00.000Z,16570.0,16759.0,16563.5,16714.0,12799961,16669.4449
XBTUSD,2017-12-11T12:10:00.000Z,16714.0,16850.0,16702.5,16833.5,6295665,16798.253
XBTUSD,2017-12-11T12:15:00.000Z,16833.5,16888.0,16787.0,16826.0,4216783,16840.6871
XBTUSD,2017-12-11T12:20:00.000Z,16826.0,16850.0,16759.0,16850.0,3369767,16809.5478
XBTUSD,2017-12-11T12:25:00.000Z,16850.0,16970.0,16830.0,16929.5,10053571,16926.2018
XBTUSD,2017-12-11T12:30:00.000Z,16929.5,16952.0,16850.0,16862.5,4331208,16906.1708
XBTUSD,2017-12-11T12:35:00.000Z,16862.5,16999.0,16855.0,16888.0,7969407,16943.409
XBTUSD,2017-12-11T12:40:00.000Z,16888.0,16951.0,16888.0,16900.5,3467219,16929.0672
XBTUSD,2017-12-11T12:45:00.000Z,16900.5,16900.5,16815.5,16884.5,3208668,16863.4064
XBTUSD,2017-12-11T12:50:00.000Z,16884.5,16890.5,16780.5,16781.0,3359972,16840.6871
XBTUSD,2017-12-11T12:55:00.000Z,16781.0,16846.5,16780.5,16840.5,2761541,16809.5478
XBTUSD,2017-12-11T13:00:00.000Z,16840.5,16860.0,16800.0,16820.5,3324668,16829.3504
XBTUSD,2017-12-11T13:05:00.000Z,16820.5,16878.5,16820.0,16866.0,3082709,16852.0391
XBTUSD,2017-12-11T13:10:00.000Z,16866.0,16929.0,16855.0,16900.0,4831121,16889.039
XBTUSD,2017-12-11T13:15:00.000Z,16900.0,16914.5,16730.5,16730.5,6651288,16815.2009
XBTUSD,2017-12-11T13:20:00.000Z,16730.5,16754.5,16600.0,16683.0,11890321,16683.35
XBTUSD,2017-12-11T13:25:00.000Z,16683.0,16738.5,16627.0,16640.5,4921878,16688.9186
XBTUSD,2017-12-11T13:30:00.000Z,16640.5,16757.0,16640.0,16754.5,5745363,16688.9186
XBTUSD,2017-12-11T13:35:00.000Z,16754.5,16765.5,16641.0,16700.0,3914287,16705.6465
XBTUSD,2017-12-11T13:40:00.000Z,16700.0,16700.5,16591.5,16610.5,3175938,16652.7893
XBTUSD,2017-12-11T13:45:00.000Z,16610.5,16604.0,16412.5,16505.0,11262684,16515.2766
XBTUSD,2017-12-11T13:50:00.000Z,16505.0,16599.5,16505.0,16558.0,5624236,16553.5507
XBTUSD,2017-12-11T13:55:00.000Z,16558.0,16585.5,16472.5,16569.0,6639799,16537.1258
XBTUSD,2017-12-11T14:00:00.000Z,16569.0,16670.5,16555.5,16630.5,5639797,16619.5779
XBTUSD,2017-12-11T14:05:00.000Z,16630.5,16682.0,16606.0,16682.0,4489524,16658.3375
XBTUSD,2017-12-11T14:10:00.000Z,16682.0,16726.0,16639.0,16653.5,5024775,16694.4908
XBTUSD,2017-12-11T14:15:00.000Z,16653.5,16754.5,16653.5,16754.5,3568214,16728.0027
XBTUSD,2017-12-11T14:20:00.000Z,16754.5,16759.5,16695.5,16729.0,2699556,16730.8014
XBTUSD,2017-12-11T14:25:00.000Z,16729.0,16780.0,16694.5,16780.0,2969629,16733.6011
XBTUSD,2017-12-11T14:30:00.000Z,16780.0,16793.0,16609.0,16626.0,6231711,16711.2299
XBTUSD,2017-12-11T14:35:00.000Z,16626.0,16676.0,16546.5,16558.0,5965645,16603.0217
XBTUSD,2017-12-11T14:40:00.000Z,16558.0,16573.0,16422.0,16556.0,8921041,16493.4851
XBTUSD,2017-12-11T14:45:00.000Z,16556.0,16598.0,16483.5,16598.0,4319813,16545.3342
XBTUSD,2017-12-11T14:50:00.000Z,16598.0,16640.0,16535.0,16615.5,4929461,16603.0217
XBTUSD,2017-12-11T14:55:00.000Z,16615.5,16637.5,16484.5,16512.0,4634212,16553.5507
XBTUSD,2017-12-11T15:00:00.000Z,16512.0,16580.0,16460.5,16555.5,4186045,16512.5495
XBTUSD,2017-12-11T15:05:00.000Z,16555.5,16587.5,16530.0,16531.0,2533083,16550.811
XBTUSD,2017-12-11T15:10:00.000Z,16531.0,16606.0,16519.0,16565.0,3558570,16564.5188
XBTUSD,2017-12-11T15:15:00.000Z,16565.0,16566.5,16529.5,16554.5,1021595,16548.0721
XBTUSD,2017-12-11T15:20:00.000Z,16554.5,16662.0,16554.0,16626.5,3761908,16625.1039
XBTUSD,2017-12-11T15:25:00.000Z,16626.5,16626.0,16569.5,16586.0,1781756,16589.2502
XBTUSD,2017-12-11T15:30:00.000Z,16586.0,16610.5,16560.0,16567.0,1349844,16580.9982
XBTUSD,2017-12-11T15:35:00.000Z,16567.0,16610.0,16567.0,16604.5,2264641,16597.5104
XBTUSD,2017-12-11T15:40:00.000Z,16604.5,16709.5,16604.0,16700.5,3839427,16661.113
XBTUSD,2017-12-11T15:45:00.000Z,16700.5,16780.0,16696.5,16775.5,6809597,16747.6135
XBTUSD,2017-12-11T15:50:00.000Z,16775.5,16791.0,16717.5,16720.0,6374040,16761.6493
XBTUSD,2017-12-11T15:55:00.000Z,16720.0,16750.0,16680.0,16719.5,4061408,16722.408
XBTUSD,2017-12-11T16:00:00.000Z,16719.5,16730.0,16671.0,16690.5,3500900,16702.8562
XBTUSD,2017-12-11T16:05:00.000Z,16690.5,16800.0,16680.0,16790.0,3715770,16747.6135
XBTUSD,2017-12-11T16:10:00.000Z,16790.0,16850.0,16763.0,16796.0,5062741,16806.7227
XBTUSD,2017-12-11T16:15:00.000Z,16796.0,16805.5,16750.5,16804.5,2910278,16789.7918
XBTUSD,2017-12-11T16:20:00.000Z,16804.5,16805.5,16729.5,16763.5,4079140,16767.2703
XBTUSD,2017-12-11T16:25:00.000Z,16763.5,16775.5,16730.0,16752.5,1934466,16764.4593
XBTUSD,2017-12-11T16:30:00.000Z,16752.5,16771.5,16701.0,16707.0,1950324,16728.0027
XBTUSD,2017-12-11T16:35:00.000Z,16707.0,16718.5,16601.0,16627.0,7717805,16655.563
XBTUSD,2017-12-11T16:40:00.000Z,16627.0,16648.0,16605.0,16618.5,2637016,16622.3404
XBTUSD,2017-12-11T16:45:00.000Z,16618.5,16677.5,16618.5,16667.0,3327010,16658.3375
XBTUSD,2017-12-11T16:50:00.000Z,16667.0,16730.0,16656.5,16693.0,5096017,16691.7042
XBTUSD,2017-12-11T16:55:00.000Z,16693.0,16720.0,16658.5,16706.0,2530196,16694.4908
XBTUSD,2017-12-11T17:00:00.000Z,16706.0,16708.0,16675.5,16700.5,951622,16694.4908
XBTUSD,2017-12-11T17:05:00.000Z,16700.5,16700.5,16668.0,16668.0,742483,16677.7852
XBTUSD,2017-12-11T17:10:00.000Z,16668.0,16668.0,16618.0,16639.5,4271817,16638.9351
XBTUSD,2017-12-11T17:15:00.000Z,16639.5,16683.0,16618.0,16683.0,1659484,16655.563
XBTUSD,2017-12-11T17:20:00.000Z,16683.0,16683.5,16600.0,16630.0,3290038,16633.3999
XBTUSD,2017-12-11T17:25:00.000Z,16630.0,16638.0,16570.0,16607.0,3097576,16600.2656
XBTUSD,2017-12-11T17:30:00.000Z,16607.0,16636.0,16601.5,16629.0,1078415,16616.8162
XBTUSD,2017-12-11T17:35:00.000Z,16629.0,16630.0,16570.0,16629.0,1028662,16603.0217
XBTUSD,2017-12-11T17:40:00.000Z,16629.0,16629.0,16615.0,16615.5,384513,16622.3404
XBTUSD,2017-12-11T17:45:00.000Z,16615.5,16640.0,16615.5,16638.0,1683689,16633.3999
XBTUSD,2017-12-11T17:50:00.000Z,16638.0,16659.5,16616.0,16659.5,1592148,16638.9351
XBTUSD,2017-12-11T17:55:00.000Z,16659.5,16671.5,16632.5,16671.0,1716103,16650.0167
XBTUSD,2017-12-11T18:00:00.000Z,16671.0,16688.0,16652.0,16670.0,1904718,16677.7852
XBTUSD,2017-12-11T18:05:00.000Z,16670.0,16759.0,16669.5,16731.5,6076752,16733.6011
XBTUSD,2017-12-11T18:10:00.000Z,16731.5,16769.5,16689.0,16693.0,2989841,16719.6121
XBTUSD,2017-12-11T18:15:00.000Z,16693.0,16815.0,16693.0,16814.5,5701970,16772.895
XBTUSD,2017-12-11T18:20:00.000Z,16814.5,16829.0,16758.0,16805.5,4725006,16809.5478
XBTUSD,2017-12-11T18:25:00.000Z,16805.5,16806.0,16750.0,16750.5,2343290,16778.5235
XBTUSD,2017-12-11T18:30:00.000Z,16750.5,16818.5,16750.0,16803.0,1809401,16786.9733
XBTUSD,2017-12-11T18:35:00.000Z,16803.0,16838.0,16803.5,16820.0,2516939,16823.6878
XBTUSD,2017-12-11T18:40:00.000Z,16820.0,16829.5,16765.0,16772.0,3628469,16789.7918
XBTUSD,2017-12-11T18:45:00.000Z,16772.0,16773.0,16722.0,16772.5,2536170,16750.4188
XBTUSD,2017-12-11T18:50:00.000Z,16772.5,16778.0,16722.0,16735.0,2387875,16744.8091
XBTUSD,2017-12-11T18:55:00.000Z,16735.0,16804.0,16709.0,16785.0,2144274,16747.6135
XBTUSD,2017-12-11T19:00:00.000Z,16785.0,16797.0,16759.5,16782.5,1697005,16775.7088
XBTUSD,2017-12-11T19:05:00.000Z,16782.5,16790.0,16768.0,16770.5,1735789,16786.9733
XBTUSD,2017-12-11T19:10:00.000Z,16770.5,16771.0,16739.0,16749.5,1939770,16756.0322
XBTUSD,2017-12-11T19:15:00.000Z,16749.5,16751.0,16742.0,16747.0,1175074,16747.6135
XBTUSD,2017-12-11T19:20:00.000Z,16747.0,16838.0,16746.5,16791.0,3746996,16792.6113
XBTUSD,2017-12-11T19:25:00.000Z,16791.0,16819.5,16790.0,16804.0,2865114,16801.0753
XBTUSD,2017-12-11T19:30:00.000Z,16804.0,16810.5,16781.0,16803.5,1517874,16801.0753
XBTUSD,2017-12-11T19:35:00.000Z,16803.5,16932.5,16804.0,16910.0,8889842,16866.2506
XBTUSD,2017-12-11T19:40:00.000Z,16910.0,16938.0,16839.5,16845.5,3730362,16883.3361
XBTUSD,2017-12-11T19:45:00.000Z,16845.5,17042.0,16844.0,17034.0,10895733,16952.0258
XBTUSD,2017-12-11T19:50:00.000Z,17034.0,17334.0,16998.0,17287.5,14189988,17149.717
XBTUSD,2017-12-11T19:55:00.000Z,17287.5,17394.5,17078.0,17167.5,18893804,17235.4361
XBTUSD,2017-12-11T20:00:00.000Z,17167.5,17300.0,17160.0,17292.0,11466291,17235.4361
XBTUSD,2017-12-11T20:05:00.000Z,17292.0,17449.0,17299.5,17339.0,23505816,17397.3556
XBTUSD,2017-12-11T20:10:00.000Z,17339.0,17400.0,17250.0,17270.0,23493610,17334.0267
XBTUSD,2017-12-11T20:15:00.000Z,17270.0,17449.5,17250.0,17448.5,10434521,17373.1758
XBTUSD,2017-12-11T20:20:00.000Z,17448.5,17619.5,17440.0,17574.5,23999069,17519.2712
XBTUSD,2017-12-11T20:25:00.000Z,17574.5,17694.0,17556.5,17694.0,16554389,17646.0208
XBTUSD,2017-12-11T20:30:00.000Z,17694.0,17700.0,17499.5,17615.5,21304084,17614.9375
XBTUSD,2017-12-11T20:35:00.000Z,17615.5,17742.5,17600.0,17608.5,10474518,17664.7235
XBTUSD,2017-12-11T20:40:00.000Z,17608.5,17700.0,17578.0,17650.5,11388587,17627.3577
XBTUSD,2017-12-11T20:45:00.000Z,17650.5,17650.5,17350.0,17530.0,22412210,17467.2489
XBTUSD,2017-12-11T20:50:00.000Z,17530.0,17590.0,17400.0,17424.5,11577900,17473.3531
XBTUSD,2017-12-11T20:55:00.000Z,17424.5,17563.0,17410.0,17489.5,9288021,17510.0683
XBTUSD,2017-12-11T21:00:00.000Z,17489.5,17515.0,17448.5,17477.0,6013593,17491.6914
XBTUSD,2017-12-11T21:05:00.000Z,17477.0,17494.0,17330.0,17330.0,8736149,17406.4404
XBTUSD,2017-12-11T21:10:00.000Z,17330.0,17419.0,17311.5,17400.0,7380588,17364.1257
XBTUSD,2017-12-11T21:15:00.000Z,17400.0,17472.0,17359.0,17402.0,5499723,17427.6751
XBTUSD,2017-12-11T21:20:00.000Z,17402.0,17408.5,17281.0,17293.5,7097817,17349.0632
XBTUSD,2017-12-11T21:25:00.000Z,17293.5,17363.0,17206.0,17232.0,14183891,17268.1748
XBTUSD,2017-12-11T21:30:00.000Z,17232.0,17368.0,17231.5,17347.5,5522899,17304.0318
XBTUSD,2017-12-11T21:35:00.000Z,17347.5,17419.5,17327.0,17389.0,6811738,17382.2354
XBTUSD,2017-12-11T21:40:00.000Z,17389.0,17415.0,17311.0,17320.0,4792629,17352.0736
XBTUSD,2017-12-11T21:45:00.000Z,17320.0,17357.0,17265.0,17356.0,4344738,17310.0225
XBTUSD,2017-12-11T21:50:00.000Z,17356.0,17449.0,17310.5,17447.0,4364744,17388.2803
XBTUSD,2017-12-11T21:55:00.000Z,17447.0,17500.0,17428.0,17460.0,5009972,17464.1984
XBTUSD,2017-12-11T22:00:00.000Z,17460.0,17460.0,17343.0,17368.0,4740333,17409.4708
XBTUSD,2017-12-11T22:05:00.000Z,17368.0,17384.0,17300.0,17370.5,5523715,17340.0381
XBTUSD,2017-12-11T22:10:00.000Z,17370.5,17373.0,17291.5,17300.0,3670675,17331.0225
XBTUSD,2017-12-11T22:15:00.000Z,17300.0,17345.0,17200.0,17220.0,8784609,17244.3525
XBTUSD,2017-12-11T22:20:00.000Z,17220.0,17367.0,17200.0,17351.0,9408137,17289.0733
XBTUSD,2017-12-11T22:25:00.000Z,17351.0,17370.0,17295.0,17351.5,4487012,17340.0381
XBTUSD,2017-12-11T22:30:00.000Z,17351.5,17357.0,17225.0,17235.5,2774557,17280.1106
XBTUSD,2017-12-11T22:35:00.000Z,17235.5,17289.0,17235.5,17254.5,2939151,17262.213
XBTUSD,2017-12-11T22:40:00.000Z,17254.5,17254.5,17126.0,17232.0,11997139,17193.9477
XBTUSD,2017-12-11T22:45:00.000Z,17232.0,17240.0,17159.0,17170.5,4154516,17193.9477
XBTUSD,2017-12-11T22:50:00.000Z,17170.5,17290.0,17170.0,17275.5,5506445,17232.466
XBTUSD,2017-12-11T22:55:00.000Z,17275.5,17314.5,17231.5,17232.0,2331997,17277.1251
XBTUSD,2017-12-11T23:00:00.000Z,17232.0,17275.0,17200.0,17234.0,2041009,17241.3793
XBTUSD,2017-12-11T23:05:00.000Z,17234.0,17246.0,17181.0,17237.0,3369497,17223.5618
XBTUSD,2017-12-11T23:10:00.000Z,17237.0,17310.0,17240.5,17306.0,4154368,17289.0733
XBTUSD,2017-12-11T23:15:00.000Z,17306.0,17306.5,17270.0,17284.0,2096063,17289.0733
XBTUSD,2017-12-11T23:20:00.000Z,17284.0,17298.0,17238.0,17250.0,2598548,17277.1251
XBTUSD,2017-12-11T23:25:00.000Z,17250.0,17250.0,17120.0,17120.0,9020012,17185.0833
XBTUSD,2017-12-11T23:30:00.000Z,17120.0,17155.5,17076.0,17085.0,11407891,17108.6399
XBTUSD,2017-12-11T23:35:00.000Z,17085.0,17100.5,16919.0,16947.5,18562009,16983.6957
XBTUSD,2017-12-11T23:40:00.000Z,16947.5,17104.0,16947.0,17100.5,11640442,17047.3917
XBTUSD,2017-12-11T23:45:00.000Z,17100.5,17100.5,17039.5,17068.0,7132450,17064.8464
XBTUSD,2017-12-11T23:50:00.000Z,17068.0,17080.0,16943.0,16947.5,7665739,17006.8027
XBTUSD,2017-12-11T23:55:00.000Z,16947.5,17012.5,16864.5,16920.0,11699824,16926.2018
XBTUSD,2017-12-12T00:00:00.000Z,16920.0,17020.5,16895.0,17009.0,8027037,16966.4065
XBTUSD,2017-12-12T00:05:00.000Z,17009.0,17020.5,16885.0,16899.0,7974346,16957.7751
XBTUSD,2017-12-12T00:10:00.000Z,16899.0,16965.0,16860.0,16870.0,8901919,16897.6005
XBTUSD,2017-12-12T00:15:00.000Z,16870.0,16903.0,16822.5,16822.5,12541528,16871.942
XBTUSD,2017-12-12T00:20:00.000Z,16822.5,16850.0,16669.0,16720.0,15363073,16758.8403
XBTUSD,2017-12-12T00:25:00.000Z,16720.0,16805.0,16705.5,16805.0,10063222,16756.0322
XBTUSD,2017-12-12T00:30:00.000Z,16805.0,16839.5,16711.0,16837.0,8937624,16789.7918
XBTUSD,2017-12-12T00:35:00.000Z,16837.0,16970.5,16815.0,16908.0,9791652,16911.8891
XBTUSD,2017-12-12T00:40:00.000Z,16908.0,16935.0,16783.0,16866.0,6732752,16860.5631
XBTUSD,2017-12-12T00:45:00.000Z,16866.0,16913.0,16845.0,16863.5,2972409,16874.7891
XBTUSD,2017-12-12T00:50:00.000Z,16863.5,16947.0,16863.5,16914.5,4096684,16923.3373
XBTUSD,2017-12-12T00:55:00.000Z,16914.5,16930.0,16840.0,16842.0,3217834,16891.8919
XBTUSD,2017-12-12T01:00:00.000Z,16842.0,16856.5,16800.0,16853.5,3663147,16837.8515
XBTUSD,2017-12-12T01:05:00.000Z,16853.5,16853.0,16712.0,16760.0,5736424,16758.8403
XBTUSD,2017-12-12T01:10:00.000Z,16760.0,16793.5,16744.0,16775.0,2189787,16761.6493
XBTUSD,2017-12-12T01:15:00.000Z,16775.0,16824.0,16775.0,16791.5,1421074,16801.0753
XBTUSD,2017-12-12T01:20:00.000Z,16791.5,16798.0,16730.5,16784.0,3279885,16770.0822
XBTUSD,2017-12-12T01:25:00.000Z,16784.0,16784.5,16725.0,16741.0,2857688,16750.4188
XBTUSD,2017-12-12T01:30:00.000Z,16741.0,16848.0,16741.0,16848.0,6285994,16786.9733
XBTUSD,2017-12-12T01:35:00.000Z,16848.0,16885.5,16814.5,16837.0,5035626,16849.1997
XBTUSD,2017-12-12T01:40:00.000Z,16837.0,16930.0,16839.0,16901.0,5154289,16894.7457
XBTUSD,2017-12-12T01:45:00.000Z,16901.0,16950.0,16872.0,16900.0,6167283,16909.0294
XBTUSD,2017-12-12T01:50:00.000Z,16900.0,16984.0,16873.5,16984.0,4353395,16917.6112
XBTUSD,2017-12-12T01:55:00.000Z,16984.0,17074.0,16983.5,17031.0,11842395,17032.8734
XBTUSD,2017-12-12T02:00:00.000Z,17031.0,17094.0,17002.5,17080.0,6123219,17050.2984
XBTUSD,2017-12-12T02:05:00.000Z,17080.0,17080.5,17021.5,17049.0,4008376,17050.2984
XBTUSD,2017-12-12T02:10:00.000Z,17049.0,17053.5,16912.0,16956.0,5867158,16983.6957
XBTUSD,2017-12-12T02:15:00.000Z,16956.0,16956.0,16870.0,16935.0,3413012,16914.7497
XBTUSD,2017-12-12T02:20:00.000Z,16935.0,16947.5,16841.0,16841.5,3289278,16880.4862
XBTUSD,2017-12-12T02:25:00.000Z,16841.5,16877.0,16716.0,16760.0,6726217,16801.0753
XBTUSD,2017-12-12T02:30:00.000Z,16760.0,16897.0,16760.0,16823.0,3870513,16832.1831
XBTUSD,2017-12-12T02:35:00.000Z,16823.0,16939.0,16823.0,16939.0,2829799,16883.3361
XBTUSD,2017-12-12T02:40:00.000Z,16939.0,16940.5,16879.5,16900.5,1923030,16909.0294
XBTUSD,2017-12-12T02:45:00.000Z,16900.5,16927.5,16870.0,16882.0,1643165,16903.313
XBTUSD,2017-12-12T02:50:00.000Z,16882.0,16954.5,16882.0,16887.5,3456886,16917.6112
XBTUSD,2017-12-12T02:55:00.000Z,16887.5,16905.0,16868.5,16898.5,2012889,16889.039
XBTUSD,2017-12-12T03:00:00.000Z,16898.5,16905.5,16839.5,16849.5,2205963,16871.942
XBTUSD,2017-12-12T03:05:00.000Z,16849.5,16900.0,16804.5,16810.0,2406189,16860.5631
XBTUSD,2017-12-12T03:10:00.000Z,16810.0,16810.0,16740.0,16772.0,4621197,16770.0822
XBTUSD,2017-12-12T03:15:00.000Z,16772.0,16775.0,16555.5,16684.0,12534693,16652.7893
XBTUSD,2017-12-12T03:20:00.000Z,16684.0,16720.5,16630.0,16713.5,4092988,16683.35
XBTUSD,2017-12-12T03:25:00.000Z,16713.5,16722.0,16550.0,16558.0,4194379,16650.0167
XBTUSD,2017-12-12T03:30:00.000Z,16558.0,16600.0,16500.0,16538.0,10627398,16542.5972
XBTUSD,2017-12-12T03:35:00.000Z,16538.0,16538.0,16325.0,16465.0,20026121,16414.9705
XBTUSD,2017-12-12T03:40:00.000Z,16465.0,16534.5,16403.0,16420.0,7243687,16479.8945
XBTUSD,2017-12-12T03:45:00.000Z,16420.0,16518.0,16392.0,16514.5,6062032,16444.6637
XBTUSD,2017-12-12T03:50:00.000Z,16514.5,16534.5,16447.0,16486.5,5193768,16496.2059
XBTUSD,2017-12-12T03:55:00.000Z,16486.5,16515.0,16436.5,16503.0,3085065,16479.8945
XBTUSD,2017-12-12T04:00:00.000Z,16503.0,16503.0,16373.5,16430.0,7974991,16439.2569
XBTUSD,2017-12-12T04:05:00.000Z,16430.0,16600.0,16401.0,16579.5,10535954,16528.9256
XBTUSD,2017-12-12T04:10:00.000Z,16579.5,16600.0,16550.5,16572.5,2713846,16580.9982
XBTUSD,2017-12-12T04:15:00.000Z,16572.5,16598.5,16514.0,16595.0,2372407,16559.033
XBTUSD,2017-12-12T04:20:00.000Z,16595.0,16616.0,16570.5,16572.0,3870816,16592.0027
XBTUSD,2017-12-12T04:25:00.000Z,16572.0,16585.0,16523.5,16550.0,2324007,16559.033
XBTUSD,2017-12-12T04:30:00.000Z,16550.0,16550.5,16437.5,16455.5,4793533,16501.6502
XBTUSD,2017-12-12T04:35:00.000Z,16455.5,16507.5,16333.0,16411.5,5708140,16433.8537
XBTUSD,2017-12-12T04:40:00.000Z,16411.5,16442.5,16200.0,16288.0,7071303,16310.5529
XBTUSD,2017-12-12T04:45:00.000Z,16288.0,16420.0,16219.5,16353.5,9474411,16334.5312
XBTUSD,2017-12-12T04:50:00.000Z,16353.5,16482.0,16350.0,16418.0,6732190,16420.3612
XBTUSD,2017-12-12T04:55:00.000Z,16418.0,16418.0,16344.0,16354.0,2805221,16377.3338
XBTUSD,2017-12-12T05:00:00.000Z,16354.0,16407.0,16312.0,16387.5,3677321,16371.9712
XBTUSD,2017-12-12T05:05:00.000Z,16387.5,16389.5,16330.0,16372.5,2564666,16363.9339
XBTUSD,2017-12-12T05:10:00.000Z,16372.5,16389.0,16345.5,16371.0,2849105,16374.652
XBTUSD,2017-12-12T05:15:00.000Z,16371.0,16467.0,16364.0,16464.0,4506342,16425.7556
XBTUSD,2017-12-12T05:20:00.000Z,16464.0,16573.5,16455.0,16534.0,6633926,16515.2766
XBTUSD,2017-12-12T05:25:00.000Z,16534.0,16584.0,16520.5,16564.0,2657730,16564.5188
XBTUSD,2017-12-12T05:30:00.000Z,16564.0,16568.5,16464.5,16504.0,4174590,16512.5495
XBTUSD,2017-12-12T05:35:00.000Z,16504.0,16539.0,16465.5,16539.0,2644746,16488.0462
XBTUSD,2017-12-12T05:40:00.000Z,16539.0,16568.0,16507.0,16523.5,2897553,16537.1258
XBTUSD,2017-12-12T05:45:00.000Z,16523.5,16545.0,16488.0,16500.0,2951924,16518.0046
XBTUSD,2017-12-12T05:50:00.000Z,16500.0,16654.5,16500.0,16576.0,5792435,16603.0217
XBTUSD,2017-12-12T05:55:00.000Z,16576.0,16704.0,16582.0,16648.0,4112657,16669.4449
XBTUSD,2017-12-12T06:00:00.000Z,16648.0,16702.5,16637.5,16678.5,2583231,16675.0042
XBTUSD,2017-12-12T06:05:00.000Z,16678.5,16682.5,16536.0,16614.0,6738356,16619.5779
XBTUSD,2017-12-12T06:10:00.000Z,16614.0,16640.5,16485.5,16502.5,4428791,16578.2493
XBTUSD,2017-12-12T06:15:00.000Z,16502.5,16554.5,16502.0,16550.0,2816051,16537.1258
XBTUSD,2017-12-12T06:20:00.000Z,16550.0,16590.0,16530.0,16550.5,1766844,16553.5507
XBTUSD,2017-12-12T06:25:00.000Z,16550.5,16603.5,16545.0,16582.5,1658779,16564.5188
XBTUSD,2017-12-12T06:30:00.000Z,16582.5,16641.5,16559.0,16637.5,3012914,16597.5104
XBTUSD,2017-12-12T06:35:00.000Z,16637.5,16679.5,16606.0,16618.5,3699576,16644.474
XBTUSD,2017-12-12T06:40:00.000Z,16618.5,16618.5,16563.0,16593.5,2670898,16586.4986
XBTUSD,2017-12-12T06:45:00.000Z,16593.5,16666.0,16589.5,16614.0,2378871,16622.3404
XBTUSD,2017-12-12T06:50:00.000Z,16614.0,16629.5,16600.0,16623.0,1167051,16616.8162
XBTUSD,2017-12-12T06:55:00.000Z,16623.0,16686.5,16623.5,16672.5,2327378,16655.563
XBTUSD,2017-12-12T07:00:00.000Z,16672.5,16672.0,16626.5,16663.0,2715580,16652.7893
XBTUSD,2017-12-12T07:05:00.000Z,16663.0,16663.0,16569.5,16594.0,2468998,16608.5368
XBTUSD,2017-12-12T07:10:00.000Z,16594.0,16688.0,16565.0,16669.5,5307022,16636.167
XBTUSD,2017-12-12T07:15:00.000Z,16669.5,16688.5,16659.5,16673.0,2029895,16669.4449
XBTUSD,2017-12-12T07:20:00.000Z,16673.0,16675.0,16590.0,16608.0,1800736,16641.7041
XBTUSD,2017-12-12T07:25:00.000Z,16608.0,16654.0,16581.0,16644.5,2371600,16619.5779
XBTUSD,2017-12-12T07:30:00.000Z,16644.5,16649.5,16634.5,16649.5,1177353,16644.474
XBTUSD,2017-12-12T07:35:00.000Z,16649.5,16749.0,16626.0,16742.5,3324374,16688.9186
XBTUSD,2017-12-12T07:40:00.000Z,16742.5,16871.5,16737.5,16856.5,8931703,16823.6878
XBTUSD,2017-12-12T07:45:00.000Z,16856.5,16857.0,16750.0,16828.5,6301576,16809.5478
XBTUSD,2017-12-12T07:50:00.000Z,16828.5,16870.0,16812.5,16849.0,3595082,16849.1997
XBTUSD,2017-12-12T07:55:00.000Z,16849.0,16890.0,16823.0,16823.0,4639932,16869.0958
XBTUSD,2017-12-12T08:00:00.000Z,16823.0,16879.5,16823.0,16872.5,2470149,16857.7208
XBTUSD,2017-12-12T08:05:00.000Z,16872.5,17040.5,16872.5,17037.5,7233189,16957.7751
XBTUSD,2017-12-12T08:10:00.000Z,17037.5,17045.5,16963.5,17023.0,8882673,17018.3799
XBTUSD,2017-12-12T08:15:00.000Z,17023.0,17023.0,16963.0,16969.5,3202410,16989.4665
XBTUSD,2017-12-12T08:20:00.000Z,16969.5,16986.0,16917.5,16929.0,6826049,16949.1525
XBTUSD,2017-12-12T08:25:00.000Z,16929.0,16945.5,16910.0,16920.0,3310005,16929.0672
XBTUSD,2017-12-12T08:30:00.000Z,16920.0,16941.0,16910.0,16921.0,2603789,16929.0672
XBTUSD,2017-12-12T08:35:00.000Z,16921.0,16997.0,16920.5,16997.0,3063317,16952.0258
XBTUSD,2017-12-12T08:40:00.000Z,16997.0,17036.5,16990.0,17017.5,3037143,17015.4841
XBTUSD,2017-12-12T08:45:00.000Z,17017.5,17125.0,17015.0,17101.0,5899998,17076.5027
XBTUSD,2017-12-12T08:50:00.000Z,17101.0,17174.5,17081.0,17081.5,9130343,17137.9606
XBTUSD,2017-12-12T08:55:00.000Z,17081.5,17094.5,17050.5,17056.5,3265075,17073.5872
XBTUSD,2017-12-12T09:00:00.000Z,17056.5,17056.5,17014.0,17029.5,4576387,17027.073
XBTUSD,2017-12-12T09:05:00.000Z,17029.5,17120.5,17023.5,17074.0,5045639,17073.5872
XBTUSD,2017-12-12T09:10:00.000Z,17074.0,17082.0,17008.5,17035.0,3128490,17044.4861
XBTUSD,2017-12-12T09:15:00.000Z,17035.0,17049.5,17032.0,17045.5,1231149,17044.4861
XBTUSD,2017-12-12T09:20:00.000Z,17045.5,17127.5,17044.0,17125.0,4660552,17088.175
XBTUSD,2017-12-12T09:25:00.000Z,17125.0,17128.0,17050.0,17072.0,3309119,17082.3369
XBTUSD,2017-12-12T09:30:00.000Z,17072.0,17074.0,16864.5,16894.5,8071308,16972.1656
XBTUSD,2017-12-12T09:35:00.000Z,16894.5,16962.5,16864.0,16890.0,7384856,16909.0294
XBTUSD,2017-12-12T09:40:00.000Z,16890.0,16960.0,16863.5,16954.5,4423131,16923.3373
XBTUSD,2017-12-12T09:45:00.000Z,16954.5,16990.0,16952.0,16953.5,3392766,16972.1656
XBTUSD,2017-12-12T09:50:00.000Z,16953.5,16980.0,16903.0,16964.0,5150685,16946.2803
XBTUSD,2017-12-12T09:55:00.000Z,16964.0,16974.0,16929.0,16942.5,3033787,16952.0258
XBTUSD,2017-12-12T10:00:00.000Z,16942.5,16945.5,16867.5,16895.0,3406347,16903.313
XBTUSD,2017-12-12T10:05:00.000Z,16895.0,16915.5,16843.5,16860.5,3743494,16869.0958
XBTUSD,2017-12-12T10:10:00.000Z,16860.5,16873.5,16751.5,16768.5,7235196,16806.7227
XBTUSD,2017-12-12T10:15:00.000Z,16768.5,16830.0,16757.5,16830.0,4798159,16803.8985
XBTUSD,2017-12-12T10:20:00.000Z,16830.0,16840.0,16803.5,16810.0,2431345,16829.3504
XBTUSD,2017-12-12T10:25:00.000Z,16810.0,16820.5,16783.5,16783.5,3317204,16801.0753
XBTUSD,2017-12-12T10:30:00.000Z,16783.5,16834.5,16783.5,16830.0,2148881,16809.5478
XBTUSD,2017-12-12T10:35:00.000Z,16830.0,16833.0,16770.0,16809.5,3218696,16806.7227
XBTUSD,2017-12-12T10:40:00.000Z,16809.5,16809.5,16701.0,16701.5,7073904,16730.8014
XBTUSD,2017-12-12T10:45:00.000Z,16701.5,16750.0,16701.0,16750.0,3958076,16736.4017
XBTUSD,2017-12-12T10:50:00.000Z,16750.0,16818.0,16721.5,16800.0,3931322,16770.0822
XBTUSD,2017-12-12T10:55:00.000Z,16800.0,16818.0,16741.5,16743.0,2711066,16786.9733
XBTUSD,2017-12-12T11:00:00.000Z,16743.0,16773.0,16700.5,16710.0,2542446,16739.2032
XBTUSD,2017-12-12T11:05:00.000Z,16710.0,16789.5,16700.5,16765.0,2761810,16756.0322
XBTUSD,2017-12-12T11:10:00.000Z,16765.0,16809.0,16760.5,16806.5,3025644,16781.3392
XBTUSD,2017-12-12T11:15:00.000Z,16806.5,16820.0,16750.5,16819.5,2775698,16798.253
XBTUSD,2017-12-12T11:20:00.000Z,16819.5,16860.0,16797.0,16847.5,4345371,16829.3504
XBTUSD,2017-12-12T11:25:00.000Z,16847.5,16898.0,16847.5,16868.0,4617151,16874.7891
XBTUSD,2017-12-12T11:30:00.000Z,16868.0,16880.0,16822.0,16849.5,4505814,16852.0391
XBTUSD,2017-12-12T11:35:00.000Z,16849.5,16868.0,16826.5,16840.0,2418584,16846.3612
XBTUSD,2017-12-12T11:40:00.000Z,16840.0,16845.0,16795.5,16805.5,2881281,16818.0289
XBTUSD,2017-12-12T11:45:00.000Z,16805.5,16850.0,16790.0,16800.5,2194704,16820.8579
XBTUSD,2017-12-12T11:50:00.000Z,16800.5,16812.0,16770.5,16812.0,3019363,16789.7918
XBTUSD,2017-12-12T11:55:00.000Z,16812.0,16821.0,16780.0,16780.5,2485091,16803.8985
XBTUSD,2017-12-12T12:00:00.000Z,16780.5,16820.0,16780.5,16816.5,3864624,16801.0753
XBTUSD,2017-12-12T12:05:00.000Z,16816.5,16870.0,16815.0,16825.5,6021435,16843.5237
XBTUSD,2017-12-12T12:10:00.000Z,16825.5,16859.0,16727.5,16728.0,6850419,16786.9733
XBTUSD,2017-12-12T12:15:00.000Z,16728.0,16743.0,16591.5,16646.0,11211408,16669.4449
XBTUSD,2017-12-12T12:20:00.000Z,16646.0,16700.0,16645.5,16695.0,4099105,16666.6667
XBTUSD,2017-12-12T12:25:00.000Z,16695.0,16724.0,16683.0,16720.0,2996051,16700.0668
XBTUSD,2017-12-12T12:30:00.000Z,16720.0,16720.0,16641.0,16702.0,3898568,16683.35
XBTUSD,2017-12-12T12:35:00.000Z,16702.0,16741.0,16701.5,16726.5,1540200,16728.0027
XBTUSD,2017-12-12T12:40:00.000Z,16726.5,16750.0,16725.0,16725.0,1353094,16739.2032
XBTUSD,2017-12-12T12:45:00.000Z,16725.0,16821.0,16725.0,16821.0,2459435,16770.0822
XBTUSD,2017-12-12T12:50:00.000Z,16821.0,16853.0,16754.5,16796.5,4696685,16812.3739
XBTUSD,2017-12-12T12:55:00.000Z,16796.5,16822.5,16754.5,16802.0,3789249,16803.8985
XBTUSD,2017-12-12T13:00:00.000Z,16802.0,16823.0,16790.0,16794.5,3230363,16803.8985
XBTUSD,2017-12-12T13:05:00.000Z,16794.5,16820.0,16793.5,16819.0,2119105,16803.8985
XBTUSD,2017-12-12T13:10:00.000Z,16819.0,16894.0,16810.0,16881.0,4548115,16846.3612
XBTUSD,2017-12-12T13:15:00.000Z,16881.0,16953.5,16860.5,16923.0,6308421,16917.6112
XBTUSD,2017-12-12T13:20:00.000Z,16923.0,17194.5,16932.0,17174.0,12896383,17079.4193
XBTUSD,2017-12-12T13:25:00.000Z,17174.0,17388.0,17153.0,17303.0,18504304,17298.0453
XBTUSD,2017-12-12T13:30:00.000Z,17303.0,17382.0,17195.0,17259.5,13050435,17280.1106
XBTUSD,2017-12-12T13:35:00.000Z,17259.5,17349.0,17221.5,17334.0,9077719,17280.1106
XBTUSD,2017-12-12T13:40:00.000Z,17334.0,17334.0,17245.0,17272.0,5852426,17283.0971
XBTUSD,2017-12-12T13:45:00.000Z,17272.0,17385.0,17272.0,17370.0,6761310,17316.0173
XBTUSD,2017-12-12T13:50:00.000Z,17370.0,17505.0,17357.5,17423.0,15513303,17442.8746
XBTUSD,2017-12-12T13:55:00.000Z,17423.0,17450.0,17378.0,17422.5,6689424,17418.5682
XBTUSD,2017-12-12T14:00:00.000Z,17422.5,17529.0,17422.5,17526.5,9620643,17494.7516
XBTUSD,2017-12-12T14:05:00.000Z,17526.5,17526.0,17325.0,17336.0,8083526,17403.4111
XBTUSD,2017-12-12T14:10:00.000Z,17336.0,17412.0,17324.5,17357.0,7175766,17358.0976
XBTUSD,2017-12-12T14:15:00.000Z,17357.0,17399.0,17285.0,17292.0,5600107,17343.0454
XBTUSD,2017-12-12T14:20:00.000Z,17292.0,17299.5,17179.0,17179.5,9040899,17235.4361
XBTUSD,2017-12-12T14:25:00.000Z,17179.5,17253.5,17156.0,17174.0,9136193,17205.7811
XBTUSD,2017-12-12T14:30:00.000Z,17174.0,17185.0,17052.5,17127.0,15888118,17120.3561
XBTUSD,2017-12-12T14:35:00.000Z,17127.0,17227.0,17127.0,17201.5,6796859,17185.0833
XBTUSD,2017-12-12T14:40:00.000Z,17201.5,17260.0,17151.0,17255.0,7189678,17205.7811
XBTUSD,2017-12-12T14:45:00.000Z,17255.0,17333.0,17255.0,17289.5,6677098,17292.0629
XBTUSD,2017-12-12T14:50:00.000Z,17289.5,17290.0,17164.0,17175.0,4820467,17229.4969
XBTUSD,2017-12-12T14:55:00.000Z,17175.0,17175.5,17082.0,17146.0,6330454,17135.024
XBTUSD,2017-12-12T15:00:00.000Z,17146.0,17145.5,17023.0,17101.0,6549959,17076.5027
XBTUSD,2017-12-12T15:05:00.000Z,17101.0,17150.0,17080.0,17149.5,4142185,17105.7133
XBTUSD,2017-12-12T15:10:00.000Z,17149.5,17170.0,17053.5,17130.0,4115924,17102.7878
XBTUSD,2017-12-12T15:15:00.000Z,17130.0,17205.0,17085.0,17095.0,4789601,17152.6587
XBTUSD,2017-12-12T15:20:00.000Z,17095.0,17140.5,17080.0,17139.0,2832212,17111.5674
XBTUSD,2017-12-12T15:25:00.000Z,17139.0,17148.0,17076.0,17127.5,5967074,17105.7133
XBTUSD,2017-12-12T15:30:00.000Z,17127.5,17195.0,17101.5,17158.0,4352445,17158.545
XBTUSD,2017-12-12T15:35:00.000Z,17158.0,17158.0,17080.0,17085.5,3003722,17117.4255
XBTUSD,2017-12-12T15:40:00.000Z,17085.5,17114.0,17020.5,17085.0,8110425,17067.759
XBTUSD,2017-12-12T15:45:00.000Z,17085.0,17153.0,17085.0,17140.5,5381990,17117.4255
XBTUSD,2017-12-12T15:50:00.000Z,17140.5,17154.0,17113.0,17146.5,4330514,17132.0884
XBTUSD,2017-12-12T15:55:00.000Z,17146.5,17272.5,17137.0,17240.0,10321124,17220.5958
XBTUSD,2017-12-12T16:00:00.000Z,17240.0,17335.0,17240.0,17280.0,6119209,17307.0267
XBTUSD,2017-12-12T16:05:00.000Z,17280.0,17352.0,17258.0,17304.5,7476356,17316.0173
XBTUSD,2017-12-12T16:10:00.000Z,17304.5,17454.0,17270.0,17435.0,9376182,17352.0736
XBTUSD,2017-12-12T16:15:00.000Z,17435.0,17474.0,17283.5,17300.0,6958812,17391.3043
XBTUSD,2017-12-12T16:20:00.000Z,17300.0,17352.5,17270.0,17290.0,4459122,17316.0173
XBTUSD,2017-12-12T16:25:00.000Z,17290.0,17381.0,17289.5,17356.5,5802989,17322.0163
XBTUSD,2017-12-12T16:30:00.000Z,17356.5,17389.0,17276.5,17304.0,8486528,17325.0173
XBTUSD,2017-12-12T16:35:00.000Z,17304.0,17356.0,17304.0,17346.0,4045555,17337.0319
XBTUSD,2017-12-12T16:40:00.000Z,17346.0,17366.5,17324.5,17361.5,2724127,17349.0632
XBTUSD,2017-12-12T16:45:00.000Z,17361.5,17389.0,17326.0,17337.0,2858018,17358.0976
XBTUSD,2017-12-12T16:50:00.000Z,17337.0,17341.5,17280.0,17280.0,4328815,17313.0194
XBTUSD,2017-12-12T16:55:00.000Z,17280.0,17313.5,17280.0,17303.0,3629676,17289.0733
XBTUSD,2017-12-12T17:00:00.000Z,17303.0,17323.0,17282.5,17298.0,2769319,17301.0381
XBTUSD,2017-12-12T17:05:00.000Z,17298.0,17334.0,17298.0,17319.5,2092619,17319.0163
XBTUSD,2017-12-12T17:10:00.000Z,17319.5,17324.0,17269.0,17311.0,3546658,17301.0381
XBTUSD,2017-12-12T17:15:00.000Z,17311.0,17311.0,17250.0,17251.5,2990698,17289.0733
XBTUSD,2017-12-12T17:20:00.000Z,17251.5,17297.0,17250.5,17297.0,3738017,17283.0971
XBTUSD,2017-12-12T17:25:00.000Z,17297.0,17495.0,17288.0,17476.0,8104666,17397.3556
XBTUSD,2017-12-12T17:30:00.000Z,17476.0,17486.5,17350.0,17386.5,5934312,17418.5682
XBTUSD,2017-12-12T17:35:00.000Z,17386.5,17429.0,17378.0,17429.0,3012948,17406.4404
XBTUSD,2017-12-12T17:40:00.000Z,17429.0,17480.0,17350.5,17371.0,4527721,17409.4708
XBTUSD,2017-12-12T17:45:00.000Z,17371.0,17399.0,17352.5,17387.0,1339908,17379.2145
XBTUSD,2017-12-12T17:50:00.000Z,17387.0,17460.0,17387.0,17456.0,2227201,17439.8326
XBTUSD,2017-12-12T17:55:00.000Z,17456.0,17580.0,17455.5,17513.0,8806850,17525.4118
XBTUSD,2017-12-12T18:00:00.000Z,17513.0,17699.0,17512.5,17650.5,13885762,17621.1454
XBTUSD,2017-12-12T18:05:00.000Z,17650.5,17725.5,17579.5,17710.5,7352872,17642.9076
XBTUSD,2017-12-12T18:10:00.000Z,17710.5,17899.0,17701.5,17748.0,22839104,17799.9288
XBTUSD,2017-12-12T18:15:00.000Z,17748.0,17779.0,17650.0,17775.5,9973286,17705.3824
XBTUSD,2017-12-12T18:20:00.000Z,17775.5,17823.5,17732.5,17813.0,6289110,17777.7778
XBTUSD,2017-12-12T18:25:00.000Z,17813.0,18015.0,17797.5,18000.0,15174537,17917.9359
XBTUSD,2017-12-12T18:30:00.000Z,18000.0,18067.0,17803.5,17820.0,23144553,17969.4519
XBTUSD,2017-12-12T18:35:00.000Z,17820.0,17824.0,17588.5,17699.0,19525421,17699.115
XBTUSD,2017-12-12T18:40:00.000Z,17699.0,17770.5,17634.0,17642.5,7941175,17702.2482
XBTUSD,2017-12-12T18:45:00.000Z,17642.5,17660.0,17501.0,17627.0,12714492,17562.3463
XBTUSD,2017-12-12T18:50:00.000Z,17627.0,17669.5,17486.0,17621.0,12132586,17593.2442
XBTUSD,2017-12-12T18:55:00.000Z,17621.0,17621.0,17512.0,17604.0,7407203,17571.6043
XBTUSD,2017-12-12T19:00:00.000Z,17604.0,17668.0,17570.0,17640.0,5160596,17627.3577
XBTUSD,2017-12-12T19:05:00.000Z,17640.0,17649.0,17583.5,17615.0,6585302,17614.9375
XBTUSD,2017-12-12T19:10:00.000Z,17615.0,17620.5,17553.5,17579.5,3897767,17593.2442
XBTUSD,2017-12-12T19:15:00.000Z,17579.5,17606.0,17579.5,17593.0,2639741,17593.2442
XBTUSD,2017-12-12T19:20:00.000Z,17593.0,17757.0,17592.5,17699.5,7629138,17702.2482
XBTUSD,2017-12-12T19:25:00.000Z,17699.5,17775.0,17635.5,17676.0,5295913,17695.983
XBTUSD,2017-12-12T19:30:00.000Z,17676.0,17688.5,17554.0,17591.0,6115732,17624.251
XBTUSD,2017-12-12T19:35:00.000Z,17591.0,17590.0,17300.0,17390.5,16923521,17418.5682
XBTUSD,2017-12-12T19:40:00.000Z,17390.5,17599.0,17390.0,17502.0,14131370,17479.4616
XBTUSD,2017-12-12T19:45:00.000Z,17502.0,17527.5,17412.5,17459.0,4157694,17476.4069
XBTUSD,2017-12-12T19:50:00.000Z,17459.0,17684.5,17445.5,17595.5,9511635,17593.2442
XBTUSD,2017-12-12T19:55:00.000Z,17595.5,17614.0,17545.5,17580.0,4091832,17577.7817
XBTUSD,2017-12-12T20:00:00.000Z,17580.0,17603.0,17530.0,17577.0,3803273,17553.0981
XBTUSD,2017-12-12T20:05:00.000Z,17577.0,17665.0,17564.5,17639.0,7189331,17627.3577
XBTUSD,2017-12-12T20:10:00.000Z,17639.0,17734.5,17625.5,17684.0,7657791,17686.5936
XBTUSD,2017-12-12T20:15:00.000Z,17684.0,17793.0,17683.5,17793.0,7523874,17755.6818
XBTUSD,2017-12-12T20:20:00.000Z,17793.0,17793.0,17653.0,17696.5,9196430,17727.3533
XBTUSD,2017-12-12T20:25:00.000Z,17696.5,17726.5,17661.5,17661.5,2933212,17692.8521
XBTUSD,2017-12-12T20:30:00.000Z,17661.5,17661.0,17541.0,17546.0,7887793,17602.5348
XBTUSD,2017-12-12T20:35:00.000Z,17546.0,17640.0,17529.5,17618.5,5154643,17583.9634
XBTUSD,2017-12-12T20:40:00.000Z,17618.5,17642.5,17588.5,17620.0,2749783,17614.9375
XBTUSD,2017-12-12T20:45:00.000Z,17620.0,17624.0,17500.0,17542.5,4963277,17559.2625
XBTUSD,2017-12-12T20:50:00.000Z,17542.5,17573.0,17340.5,17460.5,12687154,17433.7517
XBTUSD,2017-12-12T20:55:00.000Z,17460.5,17500.5,17380.0,17380.5,4916239,17436.7916
XBTUSD,2017-12-12T21:00:00.000Z,17380.5,17394.0,17275.0,17288.5,13147463,17328.0194
XBTUSD,2017-12-12T21:05:00.000Z,17288.5,17462.0,17272.5,17407.5,12436929,17361.1111
XBTUSD,2017-12-12T21:10:00.000Z,17407.5,17414.5,17318.0,17318.5,4803906,17370.1581
XBTUSD,2017-12-12T21:15:00.000Z,17318.5,17318.5,17152.0,17222.0,15693036,17235.4361
XBTUSD,2017-12-12T21:20:00.000Z,17222.0,17339.5,17195.0,17315.0,7315334,17277.1251
XBTUSD,2017-12-12T21:25:00.000Z,17315.0,17400.0,17314.5,17386.0,5428689,17355.085
XBTUSD,2017-12-12T21:30:00.000Z,17386.0,17400.0,17317.0,17317.5,4836923,17352.0736
XBTUSD,2017-12-12T21:35:00.000Z,17317.5,17328.5,17266.0,17324.5,3503165,17298.0453
XBTUSD,2017-12-12T21:40:00.000Z,17324.5,17382.5,17298.5,17382.0,3114467,17337.0319
XBTUSD,2017-12-12T21:45:00.000Z,17382.0,17382.5,17322.0,17332.5,2709375,17352.0736
XBTUSD,2017-12-12T21:50:00.000Z,17332.5,17355.0,17251.0,17265.0,2481645,17310.0225
XBTUSD,2017-12-12T21:55:00.000Z,17265.0,17330.0,17264.5,17313.0,1383314,17298.0453
XBTUSD,2017-12-12T22:00:00.000Z,17313.0,17347.5,17312.5,17326.5,1718005,17334.0267
XBTUSD,2017-12-12T22:05:00.000Z,17326.5,17400.0,17321.0,17399.5,3901171,17367.1414
XBTUSD,2017-12-12T22:10:00.000Z,17399.5,17451.0,17394.5,17451.0,5278685,17436.7916
XBTUSD,2017-12-12T22:15:00.000Z,17451.0,17496.5,17441.5,17469.5,4204174,17470.3005
XBTUSD,2017-12-12T22:20:00.000Z,17469.5,17531.5,17442.5,17531.5,3707991,17491.6914
XBTUSD,2017-12-12T22:25:00.000Z,17531.5,17566.0,17500.0,17514.0,6007132,17540.7823
XBTUSD,2017-12-12T22:30:00.000Z,17514.0,17678.0,17510.0,17665.0,10010503,17599.4368
XBTUSD,2017-12-12T22:35:00.000Z,17665.0,17656.0,17502.5,17558.5,7579290,17568.5172
XBTUSD,2017-12-12T22:40:00.000Z,17558.5,17569.5,17465.0,17506.0,3758651,17507.0028
XBTUSD,2017-12-12T22:45:00.000Z,17506.0,17510.0,17420.0,17453.5,4795170,17467.2489
XBTUSD,2017-12-12T22:50:00.000Z,17453.5,17500.0,17415.0,17499.0,2538652,17458.1006
XBTUSD,2017-12-12T22:55:00.000Z,17499.0,17499.5,17461.5,17462.0,1707529,17482.5175
XBTUSD,2017-12-12T23:00:00.000Z,17462.0,17550.0,17460.0,17550.0,2173787,17500.875
XBTUSD,2017-12-12T23:05:00.000Z,17550.0,17586.0,17474.5,17474.5,3109416,17540.7823
XBTUSD,2017-12-12T23:10:00.000Z,17474.5,17500.0,17382.5,17382.5,5139239,17442.8746
XBTUSD,2017-12-12T23:15:00.000Z,17382.5,17386.0,17281.0,17302.0,8424687,17328.0194
XBTUSD,2017-12-12T23:20:00.000Z,17302.0,17370.5,17200.0,17264.0,10235355,17280.1106
XBTUSD,2017-12-12T23:25:00.000Z,17264.0,17331.0,17183.5,17200.0,9110146,17259.2337
XBTUSD,2017-12-12T23:30:00.000Z,17200.0,17338.0,17199.5,17279.0,5380392,17271.1572
XBTUSD,2017-12-12T23:35:00.000Z,17279.0,17295.0,17235.5,17277.0,2540836,17271.1572
XBTUSD,2017-12-12T23:40:00.000Z,17277.0,17277.0,17158.0,17158.0,5913223,17217.6309
XBTUSD,2017-12-12T23:45:00.000Z,17158.0,17263.5,17158.0,17263.0,3724640,17226.5289
XBTUSD,2017-12-12T23:50:00.000Z,17263.0,17299.5,17191.5,17215.5,3728760,17244.3525
XBTUSD,2017-12-12T23:55:00.000Z,17215.5,17264.0,17179.5,17250.0,3879080,17229.4969
XBTUSD,2017-12-13T00:00:00.000Z,17250.0,17250.0,17193.0,17236.0,3416880,17223.5618
XBTUSD,2017-12-13T00:05:00.000Z,17236.0,17380.0,17236.0,17369.0,5487098,17319.0163
XBTUSD,2017-12-13T00:10:00.000Z,17369.0,17504.5,17363.0,17392.0,11135409,17424.6384
XBTUSD,2017-12-13T00:15:00.000Z,17392.0,17437.5,17386.5,17430.5,4049522,17409.4708
XBTUSD,2017-12-13T00:20:00.000Z,17430.5,17478.5,17369.0,17406.5,4381813,17433.7517
XBTUSD,2017-12-13T00:25:00.000Z,17406.5,17460.0,17390.0,17445.5,2947668,17424.6384
XBTUSD,2017-12-13T00:30:00.000Z,17445.5,17445.5,17415.0,17442.5,2013667,17433.7517
XBTUSD,2017-12-13T00:35:00.000Z,17442.5,17530.5,17438.0,17523.5,5147936,17482.5175
XBTUSD,2017-12-13T00:40:00.000Z,17523.5,17542.5,17445.0,17462.0,4883366,17500.875
XBTUSD,2017-12-13T00:45:00.000Z,17462.0,17461.5,17412.0,17444.0,3068304,17439.8326
XBTUSD,2017-12-13T00:50:00.000Z,17444.0,17470.0,17434.5,17468.0,2299165,17458.1006
XBTUSD,2017-12-13T00:55:00.000Z,17468.0,17523.0,17464.0,17523.0,3308789,17497.8128
XBTUSD,2017-12-13T01:00:00.000Z,17523.0,17561.0,17463.0,17471.0,5452628,17519.2712
XBTUSD,2017-12-13T01:05:00.000Z,17471.0,17505.0,17400.0,17410.0,4592545,17445.9177
XBTUSD,2017-12-13T01:10:00.000Z,17410.0,17426.0,17368.0,17375.5,3520956,17397.3556
XBTUSD,2017-12-13T01:15:00.000Z,17375.5,17439.0,17368.0,17392.0,3170324,17406.4404
XBTUSD,2017-12-13T01:20:00.000Z,17392.0,17392.5,17280.5,17287.5,5753137,17331.0225
XBTUSD,2017-12-13T01:25:00.000Z,17287.5,17369.5,17261.0,17312.0,6052592,17310.0225
XBTUSD,2017-12-13T01:30:00.000Z,17312.0,17336.0,17230.0,17248.0,5255586,17271.1572
XBTUSD,2017-12-13T01:35:00.000Z,17248.0,17299.0,17182.5,17183.0,9829687,17232.466
XBTUSD,2017-12-13T01:40:00.000Z,17183.0,17199.5,17011.0,17025.0,18013208,17105.7133
XBTUSD,2017-12-13T01:45:00.000Z,17025.0,17162.5,17011.0,17157.5,14138498,17096.9396
XBTUSD,2017-12-13T01:50:00.000Z,17157.5,17202.0,17157.0,17161.0,8391775,17185.0833
XBTUSD,2017-12-13T01:55:00.000Z,17161.0,17175.0,17073.5,17151.0,6727944,17137.9606
XBTUSD,2017-12-13T02:00:00.000Z,17151.0,17189.5,17151.0,17175.0,3902105,17173.2784
XBTUSD,2017-12-13T02:05:00.000Z,17175.0,17246.0,17175.0,17210.0,7724793,17220.5958
XBTUSD,2017-12-13T02:10:00.000Z,17210.0,17229.0,17198.5,17228.5,4171961,17217.6309
XBTUSD,2017-12-13T02:15:00.000Z,17228.5,17229.0,17040.0,17040.0,13873755,17111.5674
XBTUSD,2017-12-13T02:20:00.000Z,17040.0,17091.5,16923.0,17073.0,15705541,17003.9109
XBTUSD,2017-12-13T02:25:00.000Z,17073.0,17075.0,16972.5,16999.0,6848986,17024.1743
XBTUSD,2017-12-13T02:30:00.000Z,16999.0,17043.0,16952.0,16967.5,8887856,16995.2413
XBTUSD,2017-12-13T02:35:00.000Z,16967.5,16967.5,16710.0,16747.5,20477843,16798.253
XBTUSD,2017-12-13T02:40:00.000Z,16747.5,16860.0,16744.0,16785.0,18123301,16792.6113
XBTUSD,2017-12-13T02:45:00.000Z,16785.0,16831.0,16661.0,16674.5,11408039,16753.225
XBTUSD,2017-12-13T02:50:00.000Z,16674.5,16676.5,16500.0,16567.5,17012042,16570.0083
XBTUSD,2017-12-13T02:55:00.000Z,16567.5,16651.5,16400.0,16600.5,31613372,16523.4633
XBTUSD,2017-12-13T03:00:00.000Z,16600.5,16736.0,16550.0,16711.5,14156197,16652.7893
XBTUSD,2017-12-13T03:05:00.000Z,16711.5,16854.5,16637.5,16850.5,10875047,16753.225
XBTUSD,2017-12-13T03:10:00.000Z,16850.5,16945.0,16683.0,16703.5,12004401,16829.3504
XBTUSD,2017-12-13T03:15:00.000Z,16703.5,16852.0,16700.5,16804.0,6780692,16803.8985
XBTUSD,2017-12-13T03:20:00.000Z,16804.0,16819.0,16651.5,16670.0,6656657,16736.4017
XBTUSD,2017-12-13T03:25:00.000Z,16670.0,16838.5,16620.0,16783.0,7760963,16708.4378
XBTUSD,2017-12-13T03:30:00.000Z,16783.0,16807.5,16631.0,16656.5,6062071,16733.6011
XBTUSD,2017-12-13T03:35:00.000Z,16656.5,16743.5,16632.0,16743.5,3945052,16705.6465
XBTUSD,2017-12-13T03:40:00.000Z,16743.5,16836.5,16720.5,16836.5,5879244,16789.7918
XBTUSD,2017-12-13T03:45:00.000Z,16836.5,16900.0,16820.0,16873.5,4813997,16860.5631
XBTUSD,2017-12-13T03:50:00.000Z,16873.5,16879.0,16771.5,16795.0,5136328,16823.6878
XBTUSD,2017-12-13T03:55:00.000Z,16795.0,16795.5,16667.0,16699.5,8005836,16728.0027
XBTUSD,2017-12-13T04:00:00.000Z,16699.5,16765.0,16637.5,16765.0,8297750,16680.5671
XBTUSD,2017-12-13T04:05:00.000Z,16765.0,16816.0,16616.0,16662.5,13509570,16714.0231
XBTUSD,2017-12-13T04:10:00.000Z,16662.5,16691.5,16492.0,16665.0,11344341,16614.0555
XBTUSD,2017-12-13T04:15:00.000Z,16665.0,16746.5,16512.0,16512.5,10856672,16614.0555
XBTUSD,2017-12-13T04:20:00.000Z,16512.5,16620.5,16478.0,16597.5,8693382,16559.033
XBTUSD,2017-12-13T04:25:00.000Z,16597.5,16666.0,16560.0,16655.5,2517280,16608.5368
XBTUSD,2017-12-13T04:30:00.000Z,16655.5,16674.5,16615.5,16660.0,4160749,16655.563
XBTUSD,2017-12-13T04:35:00.000Z,16660.0,16687.5,16563.5,16685.5,4584012,16622.3404
XBTUSD,2017-12-13T04:40:00.000Z,16685.5,16790.0,16650.0,16789.5,4122187,16716.8171
XBTUSD,2017-12-13T04:45:00.000Z,16789.5,16828.5,16743.5,16745.5,4028491,16786.9733
XBTUSD,2017-12-13T04:50:00.000Z,16745.5,16750.0,16695.0,16731.5,2563223,16728.0027
XBTUSD,2017-12-13T04:55:00.000Z,16731.5,16750.0,16725.0,16750.0,2117544,16739.2032
XBTUSD,2017-12-13T05:00:00.000Z,16750.0,16821.5,16749.5,16821.0,3876751,16781.3392
XBTUSD,2017-12-13T05:05:00.000Z,16821.0,16977.0,16819.5,16910.5,9841677,16909.0294
XBTUSD,2017-12-13T05:10:00.000Z,16910.5,17100.0,16910.0,17100.0,11343225,17009.6955
XBTUSD,2017-12-13T05:15:00.000Z,17100.0,17124.0,17030.0,17063.5,11500325,17067.759
XBTUSD,2017-12-13T05:20:00.000Z,17063.5,17069.0,17007.0,17031.5,5958116,17035.7751
XBTUSD,2017-12-13T05:25:00.000Z,17031.5,17047.5,17012.0,17045.5,3339760,17029.9728
XBTUSD,2017-12-13T05:30:00.000Z,17045.5,17082.0,17045.0,17071.0,2614470,17053.206
XBTUSD,2017-12-13T05:35:00.000Z,17071.0,17150.0,17070.5,17117.0,8890740,17123.2877
XBTUSD,2017-12-13T05:40:00.000Z,17117.0,17133.0,17101.0,17131.5,3586569,17120.3561
XBTUSD,2017-12-13T05:45:00.000Z,17131.5,17167.0,17050.5,17087.5,7295983,17117.4255
XBTUSD,2017-12-13T05:50:00.000Z,17087.5,17088.0,17023.0,17047.5,3858656,17047.3917
XBTUSD,2017-12-13T05:55:00.000Z,17047.5,17054.5,17031.0,17040.0,2315033,17038.6778
XBTUSD,2017-12-13T06:00:00.000Z,17040.0,17066.0,17013.0,17022.0,2627452,17047.3917
XBTUSD,2017-12-13T06:05:00.000Z,17022.0,17022.0,16900.0,16908.0,6376330,16963.5284
XBTUSD,2017-12-13T06:10:00.000Z,16908.0,16930.0,16880.0,16888.5,5860282,16909.0294
XBTUSD,2017-12-13T06:15:00.000Z,16888.5,16939.0,16864.0,16933.5,7142560,16909.0294
XBTUSD,2017-12-13T06:20:00.000Z,16933.5,16940.5,16903.5,16915.5,3203133,16926.2018
XBTUSD,2017-12-13T06:25:00.000Z,16915.5,16949.5,16915.0,16920.0,2299936,16934.801
XBTUSD,2017-12-13T06:30:00.000Z,16920.0,16920.0,16831.0,16853.5,4270293,16863.4064
XBTUSD,2017-12-13T06:35:00.000Z,16853.5,16870.0,16756.0,16796.5,5704385,16801.0753
XBTUSD,2017-12-13T06:40:00.000Z,16796.5,16844.0,16796.5,16844.0,3014991,16832.1831
XBTUSD,2017-12-13T06:45:00.000Z,16844.0,16932.0,16840.0,16912.5,3255747,16891.8919
XBTUSD,2017-12-13T06:50:00.000Z,16912.5,16940.0,16859.5,16940.0,3999366,16906.1708
XBTUSD,2017-12-13T06:55:00.000Z,16940.0,16981.0,16904.0,16981.0,3266611,16949.1525
XBTUSD,2017-12-13T07:00:00.000Z,16981.0,17041.0,16981.5,17025.5,5519508,17012.5893
XBTUSD,2017-12-13T07:05:00.000Z,17025.5,17049.0,16970.0,16987.5,5777655,17006.8027
XBTUSD,2017-12-13T07:10:00.000Z,16987.5,17005.0,16970.0,17005.0,4003507,16986.5806
XBTUSD,2017-12-13T07:15:00.000Z,17005.0,17070.0,16995.0,17032.0,4770668,17038.6778
XBTUSD,2017-12-13T07:20:00.000Z,17032.0,17040.0,16935.0,16973.5,5520104,16977.9287
XBTUSD,2017-12-13T07:25:00.000Z,16973.5,17006.0,16890.0,16910.0,5157753,16926.2018
XBTUSD,2017-12-13T07:30:00.000Z,16910.0,16993.0,16895.5,16980.0,4130112,16943.409
XBTUSD,2017-12-13T07:35:00.000Z,16980.0,16980.0,16905.5,16919.5,1900529,16940.5387
XBTUSD,2017-12-13T07:40:00.000Z,16919.5,16930.0,16889.0,16922.5,2125224,16911.8891
XBTUSD,2017-12-13T07:45:00.000Z,16922.5,16922.5,16884.0,16908.5,1593252,16909.0294
XBTUSD,2017-12-13T07:50:00.000Z,16908.5,16949.5,16890.0,16948.5,3153560,16923.3373
XBTUSD,2017-12-13T07:55:00.000Z,16948.5,16970.0,16938.5,16954.0,2127855,16957.7751
XBTUSD,2017-12-13T08:00:00.000Z,16954.0,16969.0,16894.5,16894.5,1983638,16934.801
XBTUSD,2017-12-13T08:05:00.000Z,16894.5,16932.0,16881.0,16923.0,3867173,16903.313
XBTUSD,2017-12-13T08:10:00.000Z,16923.0,16922.5,16860.0,16899.5,4093256,16891.8919
XBTUSD,2017-12-13T08:15:00.000Z,16899.5,16931.5,16886.0,16907.0,2010066,16909.0294
XBTUSD,2017-12-13T08:20:00.000Z,16907.0,16915.0,16822.0,16822.0,4325343,16852.0391
XBTUSD,2017-12-13T08:25:00.000Z,16822.0,16830.5,16770.0,16830.0,4870837,16809.5478
XBTUSD,2017-12-13T08:30:00.000Z,16830.0,16876.5,16830.0,16859.5,2497937,16857.7208
XBTUSD,2017-12-13T08:35:00.000Z,16859.5,16977.0,16859.0,16976.0,7481045,16926.2018
XBTUSD,2017-12-13T08:40:00.000Z,16976.0,16976.5,16934.5,16954.0,4380446,16963.5284
XBTUSD,2017-12-13T08:45:00.000Z,16954.0,17046.0,16954.0,17020.5,5765154,17012.5893
XBTUSD,2017-12-13T08:50:00.000Z,17020.5,17022.5,16958.0,16990.0,1978091,16995.2413
XBTUSD,2017-12-13T08:55:00.000Z,16990.0,16987.0,16929.5,16936.0,2632559,16963.5284
XBTUSD,2017-12-13T09:00:00.000Z,16936.0,16970.0,16936.0,16960.5,1639144,16963.5284
XBTUSD,2017-12-13T09:05:00.000Z,16960.5,16968.0,16942.0,16944.0,1094596,16960.6513
XBTUSD,2017-12-13T09:10:00.000Z,16944.0,16962.0,16816.0,16858.5,6384439,16883.3361
XBTUSD,2017-12-13T09:15:00.000Z,16858.5,16898.0,16853.0,16860.0,1642623,16891.8919
XBTUSD,2017-12-13T09:20:00.000Z,16860.0,16913.5,16860.0,16912.0,1754256,16900.4563
XBTUSD,2017-12-13T09:25:00.000Z,16912.0,16965.5,16912.0,16950.0,1782329,16943.409
XBTUSD,2017-12-13T09:30:00.000Z,16950.0,16950.5,16922.0,16950.0,1323135,16940.5387
XBTUSD,2017-12-13T09:35:00.000Z,16950.0,17000.0,16949.5,16975.0,3409349,16980.8117
XBTUSD,2017-12-13T09:40:00.000Z,16975.0,16975.5,16957.0,16967.0,964284,16966.4065
XBTUSD,2017-12-13T09:45:00.000Z,16967.0,16970.0,16940.0,16970.0,1950484,16952.0258
XBTUSD,2017-12-13T09:50:00.000Z,16970.0,16980.0,16938.5,16965.0,1789111,16963.5284
XBTUSD,2017-12-13T09:55:00.000Z,16965.0,16963.5,16930.0,16960.0,1126158,16946.2803
XBTUSD,2017-12-13T10:00:00.000Z,16960.0,17045.0,16959.5,17017.0,6793563,17015.4841
XBTUSD,2017-12-13T10:05:00.000Z,17017.0,17024.5,16996.5,17001.0,3797991,17009.6955
XBTUSD,2017-12-13T10:10:00.000Z,17001.0,17020.5,16968.0,17020.0,3059504,16992.3534
